N-samples,CNAME,e1_all_unsatgl_rm,e2_all_unsatgl_rm
0,CAYUGA H S,34,25
1,ELKHART H S,30,17
2,FRANKSTON H S,24,18
3,NECHES H S,32,39
4,PALESTINE H S,47,51
5,WESTWOOD H S,43,32
6,WESTWOOD H S,43,12
7,WESTWOOD H S,9,32
8,WESTWOOD H S,9,12
9,SLOCUM H S,29,15
10,ANDREWS H S,45,36
11,ANDREWS EDUCATI,67,91
12,PINEYWOODS COMM,32,27
13,HUDSON H S,29,20
20,STUBBLEFIELD LR,100,100
29,LUFKIN H S,45,42
30,JUVENILE DETENT,78,83
31,JUVENILE DETENT,78,73
32,JUVENILE DETENT,78,80
33,JUVENILE DETENT,78,71
34,JUVENILE DETENT,78,60
35,JUVENILE DETENT,78,56
36,JUVENILE DETENT,78,79
38,JUVENILE DETENT,82,83
39,JUVENILE DETENT,82,73
40,JUVENILE DETENT,82,80
41,JUVENILE DETENT,82,71
42,JUVENILE DETENT,82,60
43,JUVENILE DETENT,82,56
44,JUVENILE DETENT,82,79
46,JUVENILE DETENT,88,83
47,JUVENILE DETENT,88,73
48,JUVENILE DETENT,88,80
49,JUVENILE DETENT,88,71
50,JUVENILE DETENT,88,60
51,JUVENILE DETENT,88,56
52,JUVENILE DETENT,88,79
54,JUVENILE DETENT,83,83
55,JUVENILE DETENT,83,73
56,JUVENILE DETENT,83,80
57,JUVENILE DETENT,83,71
58,JUVENILE DETENT,83,60
59,JUVENILE DETENT,83,56
60,JUVENILE DETENT,83,79
62,JUVENILE DETENT,78,83
63,JUVENILE DETENT,78,73
64,JUVENILE DETENT,78,80
65,JUVENILE DETENT,78,71
66,JUVENILE DETENT,78,60
67,JUVENILE DETENT,78,56
68,JUVENILE DETENT,78,79
70,JUVENILE DETENT,74,83
71,JUVENILE DETENT,74,73
72,JUVENILE DETENT,74,80
73,JUVENILE DETENT,74,71
74,JUVENILE DETENT,74,60
75,JUVENILE DETENT,74,56
76,JUVENILE DETENT,74,79
78,JUVENILE DETENT,84,83
79,JUVENILE DETENT,84,73
80,JUVENILE DETENT,84,80
81,JUVENILE DETENT,84,71
82,JUVENILE DETENT,84,60
83,JUVENILE DETENT,84,56
84,JUVENILE DETENT,84,79
94,HUNTINGTON H S,39,31
95,PRIDE ALTER SCH,100,70
96,DIBOLL H S,48,43
97,ZAVALLA H S,48,26
98,CENTRAL H S,42,41
99,CENTRAL H S,42,18
100,CENTRAL H S,42,39
101,CENTRAL H S,16,41
102,CENTRAL H S,16,18
103,CENTRAL H S,16,39
104,CENTRAL H S,89,41
105,CENTRAL H S,89,18
106,CENTRAL H S,89,39
107,ROCKPORT-FULTON,44,42
108,ARCHER CITY H S,17,14
109,HOLLIDAY H S,19,9
110,WINDTHORST H S,28,24
111,CLAUDE H S,29,26
112,CHARLOTTE H S,56,56
113,JOURDANTON H S,44,31
114,LYTLE H S,47,53
115,PLEASANTON H S,49,45
116,PLEASANTON ISD,83,60
117,POTEET H S,54,41
118,POTEET H S,54,30
119,POTEET H S,32,41
120,POTEET H S,32,30
121,BELLVILLE H S,38,24
122,SEALY H S,37,42
123,BRAZOS H S,28,36
124,BRAZOS H S,28,73
125,BRAZOS H S,79,36
126,BRAZOS H S,79,73
128,PRAIRIE HARBOR,92,73
129,MULESHOE H S,51,47
134,MEDINA SCHOOL,22,33
135,BANDERA H S,37,32
136,BASTROP H S,55,38
137,CEDAR CREEK H S,57,50
138,COLORADO RIVER,9,0
139,GENESIS H S,89,86
140,ELGIN H S,47,48
141,PHOENIX H S,100,85
142,SMITHVILLE H S,48,20
143,MCDADE H S,30,71
144,SEYMOUR H S,30,37
145,A C JONES H S,57,53
146,PETTUS SECONDAR,45,31
147,SKIDMORE-TYNAN,30,34
148,RICHARD MILBURN,83,91
149,RICHARD MILBURN,83,94
150,RICHARD MILBURN,83,92
151,RICHARD MILBURN,83,87
152,RICHARD MILBURN,83,93
153,RICHARD MILBURN,83,86
154,RICHARD MILBURN,83,85
155,RICHARD MILBURN,83,84
156,RICHARD MILBURN,83,87
157,RICHARD MILBURN,83,93
158,RICHARD MILBURN,92,91
159,RICHARD MILBURN,92,94
160,RICHARD MILBURN,92,92
161,RICHARD MILBURN,92,87
162,RICHARD MILBURN,92,93
163,RICHARD MILBURN,92,86
164,RICHARD MILBURN,92,85
165,RICHARD MILBURN,92,84
166,RICHARD MILBURN,92,87
167,RICHARD MILBURN,92,93
168,RICHARD MILBURN,89,91
169,RICHARD MILBURN,89,94
170,RICHARD MILBURN,89,92
171,RICHARD MILBURN,89,87
172,RICHARD MILBURN,89,93
173,RICHARD MILBURN,89,86
174,RICHARD MILBURN,89,85
175,RICHARD MILBURN,89,84
176,RICHARD MILBURN,89,87
177,RICHARD MILBURN,89,93
178,RICHARD MILBURN,88,91
179,RICHARD MILBURN,88,94
180,RICHARD MILBURN,88,92
181,RICHARD MILBURN,88,87
182,RICHARD MILBURN,88,93
183,RICHARD MILBURN,88,86
184,RICHARD MILBURN,88,85
185,RICHARD MILBURN,88,84
186,RICHARD MILBURN,88,87
187,RICHARD MILBURN,88,93
188,RICHARD MILBURN,93,91
189,RICHARD MILBURN,93,94
190,RICHARD MILBURN,93,92
191,RICHARD MILBURN,93,87
192,RICHARD MILBURN,93,93
193,RICHARD MILBURN,93,86
194,RICHARD MILBURN,93,85
195,RICHARD MILBURN,93,84
196,RICHARD MILBURN,93,87
197,RICHARD MILBURN,93,93
198,RICHARD MILBURN,88,91
199,RICHARD MILBURN,88,94
200,RICHARD MILBURN,88,92
201,RICHARD MILBURN,88,87
202,RICHARD MILBURN,88,93
203,RICHARD MILBURN,88,86
204,RICHARD MILBURN,88,85
205,RICHARD MILBURN,88,84
206,RICHARD MILBURN,88,87
207,RICHARD MILBURN,88,93
208,RICHARD MILBURN,92,91
209,RICHARD MILBURN,92,94
210,RICHARD MILBURN,92,92
211,RICHARD MILBURN,92,87
212,RICHARD MILBURN,92,93
213,RICHARD MILBURN,92,86
214,RICHARD MILBURN,92,85
215,RICHARD MILBURN,92,84
216,RICHARD MILBURN,92,87
217,RICHARD MILBURN,92,93
218,RICHARD MILBURN,79,91
219,RICHARD MILBURN,79,94
220,RICHARD MILBURN,79,92
221,RICHARD MILBURN,79,87
222,RICHARD MILBURN,79,93
223,RICHARD MILBURN,79,86
224,RICHARD MILBURN,79,85
225,RICHARD MILBURN,79,84
226,RICHARD MILBURN,79,87
227,RICHARD MILBURN,79,93
228,RICHARD MILBURN,90,91
229,RICHARD MILBURN,90,94
230,RICHARD MILBURN,90,92
231,RICHARD MILBURN,90,87
232,RICHARD MILBURN,90,93
233,RICHARD MILBURN,90,86
234,RICHARD MILBURN,90,85
235,RICHARD MILBURN,90,84
236,RICHARD MILBURN,90,87
237,RICHARD MILBURN,90,93
238,RICHARD MILBURN,90,91
239,RICHARD MILBURN,90,94
240,RICHARD MILBURN,90,92
241,RICHARD MILBURN,90,87
242,RICHARD MILBURN,90,93
243,RICHARD MILBURN,90,86
244,RICHARD MILBURN,90,85
245,RICHARD MILBURN,90,84
246,RICHARD MILBURN,90,87
247,RICHARD MILBURN,90,93
248,COVE CHARTER AC,64,50
249,CEDAR PARK CHAR,28,39
250,TEMPLE CHARTER,43,33
252,GATEWAY TECH H,31,38
253,GATEWAY COLLEGE,13,11
254,ACADEMY H S,31,28
255,BARTLETT SCHOOL,45,40
256,BELTON H S,39,36
257,BELTON NEW TECH,17,19
258,HOLLAND H S,24,20
259,KILLEEN H S,54,49
260,C E ELLISON H S,42,44
261,PATHWAYS ACADEM,76,77
262,HARKER HEIGHTS,34,31
263,ROBERT M SHOEMA,56,48
264,KILLEEN ISD EAR,6,2
265,BELL COUNTY JUV,75,50
266,ROGERS H S,48,44
267,SALADO H S,29,21
268,TEMPLE H S,56,50
269,FRED W EDWARDS,81,85
270,TROY H S,27,23
271,POR VIDA ACADEM,68,83
272,CORPUS CHRISTI,73,54
273,CESAR E CHAVEZ,60,76
274,GEORGE GERVIN A,25,41
275,FRANK L MADLA E,10,18
276,MILTON B LEE AC,46,31
277,SOUTHWEST PREPA,53,72
278,SOUTHWEST PREPA,53,52
279,SOUTHWEST PREPA,62,72
280,SOUTHWEST PREPA,62,52
281,NEW DIRECTIONS,63,58
282,JOHN H WOOD JR,87,82
283,JOHN H WOOD JR,87,82
284,JOHN H WOOD JR,87,95
285,JOHN H WOOD JR,83,82
286,JOHN H WOOD JR,83,82
287,JOHN H WOOD JR,83,95
288,JOHN H WOOD JR,84,82
289,JOHN H WOOD JR,84,82
290,JOHN H WOOD JR,84,95
291,ROCKDALE,66,67
292,ANNE FRANK INSP,18,20
293,MERIDELL,68,57
296,POSITIVE SOLUTI,80,55
297,HERITAGE ACADEM,66,56
298,SAN ANTONIO SCH,54,52
299,MONTICELLO,63,78
300,ATHLOS LEADERSH,62,55
301,ATHLOS LEADERSH,62,30
302,ATHLOS LEADERSH,24,55
303,ATHLOS LEADERSH,24,30
304,KIPP UNIVERSITY,46,37
305,SCHOOL OF SCIEN,19,11
306,SCHOOL OF SCIEN,19,29
307,SCHOOL OF SCIEN,19,0
308,SCHOOL OF SCIEN,44,11
309,SCHOOL OF SCIEN,44,29
310,SCHOOL OF SCIEN,44,0
311,SCHOOL OF SCIEN,1,11
312,SCHOOL OF SCIEN,1,29
313,SCHOOL OF SCIEN,1,0
314,HARMONY SCIENCE,39,23
315,HARMONY SCIENCE,39,29
316,HARMONY SCIENCE,39,30
317,HARMONY SCIENCE,39,13
318,HARMONY SCIENCE,39,28
319,HARMONY SCIENCE,39,29
320,HARMONY SCIENCE,39,21
321,HARMONY SCIENCE,39,35
322,HARMONY SCIENCE,39,24
323,HARMONY SCIENCE,39,20
324,HARMONY SCIENCE,39,33
325,HARMONY SCIENCE,16,23
326,HARMONY SCIENCE,16,29
327,HARMONY SCIENCE,16,30
328,HARMONY SCIENCE,16,13
329,HARMONY SCIENCE,16,28
330,HARMONY SCIENCE,16,29
331,HARMONY SCIENCE,16,21
332,HARMONY SCIENCE,16,35
333,HARMONY SCIENCE,16,24
334,HARMONY SCIENCE,16,20
335,HARMONY SCIENCE,16,33
336,HARMONY SCIENCE,30,23
337,HARMONY SCIENCE,30,29
338,HARMONY SCIENCE,30,30
339,HARMONY SCIENCE,30,13
340,HARMONY SCIENCE,30,28
341,HARMONY SCIENCE,30,29
342,HARMONY SCIENCE,30,21
343,HARMONY SCIENCE,30,35
344,HARMONY SCIENCE,30,24
345,HARMONY SCIENCE,30,20
346,HARMONY SCIENCE,30,33
347,HARMONY SCIENCE,19,23
348,HARMONY SCIENCE,19,29
349,HARMONY SCIENCE,19,30
350,HARMONY SCIENCE,19,13
351,HARMONY SCIENCE,19,28
352,HARMONY SCIENCE,19,29
353,HARMONY SCIENCE,19,21
354,HARMONY SCIENCE,19,35
355,HARMONY SCIENCE,19,24
356,HARMONY SCIENCE,19,20
357,HARMONY SCIENCE,19,33
358,HARMONY SCIENCE,29,23
359,HARMONY SCIENCE,29,29
360,HARMONY SCIENCE,29,30
361,HARMONY SCIENCE,29,13
362,HARMONY SCIENCE,29,28
363,HARMONY SCIENCE,29,29
364,HARMONY SCIENCE,29,21
365,HARMONY SCIENCE,29,35
366,HARMONY SCIENCE,29,24
367,HARMONY SCIENCE,29,20
368,HARMONY SCIENCE,29,33
369,HARMONY SCIENCE,37,23
370,HARMONY SCIENCE,37,29
371,HARMONY SCIENCE,37,30
372,HARMONY SCIENCE,37,13
373,HARMONY SCIENCE,37,28
374,HARMONY SCIENCE,37,29
375,HARMONY SCIENCE,37,21
376,HARMONY SCIENCE,37,35
377,HARMONY SCIENCE,37,24
378,HARMONY SCIENCE,37,20
379,HARMONY SCIENCE,37,33
380,HARMONY SCIENCE,18,23
381,HARMONY SCIENCE,18,29
382,HARMONY SCIENCE,18,30
383,HARMONY SCIENCE,18,13
384,HARMONY SCIENCE,18,28
385,HARMONY SCIENCE,18,29
386,HARMONY SCIENCE,18,21
387,HARMONY SCIENCE,18,35
388,HARMONY SCIENCE,18,24
389,HARMONY SCIENCE,18,20
390,HARMONY SCIENCE,18,33
391,HARMONY SCIENCE,36,23
392,HARMONY SCIENCE,36,29
393,HARMONY SCIENCE,36,30
394,HARMONY SCIENCE,36,13
395,HARMONY SCIENCE,36,28
396,HARMONY SCIENCE,36,29
397,HARMONY SCIENCE,36,21
398,HARMONY SCIENCE,36,35
399,HARMONY SCIENCE,36,24
400,HARMONY SCIENCE,36,20
401,HARMONY SCIENCE,36,33
402,HARMONY SCIENCE,16,23
403,HARMONY SCIENCE,16,29
404,HARMONY SCIENCE,16,30
405,HARMONY SCIENCE,16,13
406,HARMONY SCIENCE,16,28
407,HARMONY SCIENCE,16,29
408,HARMONY SCIENCE,16,21
409,HARMONY SCIENCE,16,35
410,HARMONY SCIENCE,16,24
411,HARMONY SCIENCE,16,20
412,HARMONY SCIENCE,16,33
413,HARMONY SCIENCE,16,23
414,HARMONY SCIENCE,16,29
415,HARMONY SCIENCE,16,30
416,HARMONY SCIENCE,16,13
417,HARMONY SCIENCE,16,28
418,HARMONY SCIENCE,16,29
419,HARMONY SCIENCE,16,21
420,HARMONY SCIENCE,16,35
421,HARMONY SCIENCE,16,24
422,HARMONY SCIENCE,16,20
423,HARMONY SCIENCE,16,33
424,HARMONY SCIENCE,31,23
425,HARMONY SCIENCE,31,29
426,HARMONY SCIENCE,31,30
427,HARMONY SCIENCE,31,13
428,HARMONY SCIENCE,31,28
429,HARMONY SCIENCE,31,29
430,HARMONY SCIENCE,31,21
431,HARMONY SCIENCE,31,35
432,HARMONY SCIENCE,31,24
433,HARMONY SCIENCE,31,20
434,HARMONY SCIENCE,31,33
435,BROOKS ACADEMY,47,48
436,HENRY FORD ACAD,28,36
437,BASIS SAN ANTON,0,2
438,BASIS SAN ANTON,0,0
439,BASIS SAN ANTON,0,2
440,BASIS SAN ANTON,0,0
441,GREAT HEARTS MO,8,7
442,CARPE DIEM SCHO,64,57
443,ALAMO HEIGHTS H,22,23
444,HARLANDALE H S,54,52
445,MCCOLLUM H S,48,45
446,FRANK M TEJEDA,90,78
447,HARLANDALE ISD,75,19
448,JOHN F KENNEDY,64,61
449,MEMORIAL H S,61,59
450,MEMORIAL H S,61,13
451,MEMORIAL H S,61,41
452,MEMORIAL H S,61,54
453,MEMORIAL H S,14,59
454,MEMORIAL H S,14,13
455,MEMORIAL H S,14,41
456,MEMORIAL H S,14,54
457,MEMORIAL H S,45,59
458,MEMORIAL H S,45,13
459,MEMORIAL H S,45,41
460,MEMORIAL H S,45,54
461,MEMORIAL H S,62,59
462,MEMORIAL H S,62,13
463,MEMORIAL H S,62,41
464,MEMORIAL H S,62,54
465,RANDOLPH H S,13,19
467,BRACKENRIDGE H,57,51
468,BURBANK H S,61,50
469,EDISON H S,58,59
470,FOX TECHNICAL H,12,5
471,HIGHLANDS H S,66,65
472,HOUSTON H S,69,69
473,JEFFERSON H S,56,55
474,JEFFERSON H S,56,64
475,JEFFERSON H S,56,48
476,JEFFERSON H S,63,55
477,JEFFERSON H S,63,64
478,JEFFERSON H S,63,48
479,JEFFERSON H S,48,55
480,JEFFERSON H S,48,64
481,JEFFERSON H S,48,48
482,LANIER H S,73,68
483,LANIER H S,73,58
484,LANIER H S,62,68
485,LANIER H S,62,58
486,TRAVIS EARLY CO,5,1
487,YOUNG WOMEN'S L,0,3
488,YOUNG WOMEN'S L,0,0
489,YOUNG WOMEN'S L,2,3
490,YOUNG WOMEN'S L,2,0
491,COOPER ACADEMY,88,86
492,ST PHILIP'S COL,19,28
493,ADVANCED LEARNI,18,20
494,PICKETT ACADEMY,100,71
495,HEALY-MURPHY,81,62
497,SOUTH SAN ANTON,51,51
498,SOMERSET H S,54,46
499,SHIRLEEN ZACHAR,30,13
500,LEE H S,43,43
501,LEE H S,43,50
502,LEE H S,43,50
503,LEE H S,49,43
504,LEE H S,49,50
505,LEE H S,49,50
506,LEE H S,84,43
507,LEE H S,84,50
508,LEE H S,84,50
509,MACARTHUR H S,30,29
510,MACARTHUR H S,30,42
511,MACARTHUR H S,30,53
512,MACARTHUR H S,49,29
513,MACARTHUR H S,49,42
514,MACARTHUR H S,49,53
515,MACARTHUR H S,88,29
516,MACARTHUR H S,88,42
517,MACARTHUR H S,88,53
518,CHURCHILL H S,25,26
519,ROOSEVELT H S,47,46
520,ROOSEVELT H S,47,35
521,ROOSEVELT H S,41,46
522,ROOSEVELT H S,41,35
523,MADISON H S,33,33
524,MADISON H S,33,70
525,MADISON H S,72,33
526,MADISON H S,72,70
527,REAGAN H S,10,8
528,REAGAN H S,10,57
529,REAGAN H S,58,8
530,REAGAN H S,58,57
531,INTERNATIONAL S,7,8
532,JOHNSON H S,13,13
533,EAST CENTRAL H,49,42
534,BEXAR COUNTY LR,85,63
535,SOUTHWEST H S,50,48
536,SOUTHWEST H S,50,49
537,SOUTHWEST H S,50,44
538,SOUTHWEST H S,52,48
539,SOUTHWEST H S,52,49
540,SOUTHWEST H S,52,44
541,SOUTHWEST H S,58,48
542,SOUTHWEST H S,58,49
543,SOUTHWEST H S,58,44
544,SOUTHWEST ACADE,84,89
545,VIRGINIA ALLRED,28,21
547,ROBERT G COLE M,21,19
548,HOLMES H S,48,44
549,JAY H S,54,49
550,MARSHALL H S,33,36
551,MARSHALL H S,33,53
552,MARSHALL H S,60,36
553,MARSHALL H S,60,53
554,CLARK H S,24,25
555,CLARK H S,24,13
556,CLARK H S,21,25
557,CLARK H S,21,13
558,HEALTH CAREERS,0,0
559,TAFT H S,25,26
560,TAFT H S,25,62
561,TAFT H S,61,26
562,TAFT H S,61,62
563,O'CONNOR H S,21,24
564,WARREN H S,26,26
565,WARREN H S,26,35
566,WARREN H S,36,26
567,WARREN H S,36,35
568,STEVENS H S,43,37
569,BRANDEIS H S,23,23
570,BRENNAN H S,28,27
571,JUDSON H S,47,39
572,JUDSON LEARNING,83,67
573,KAREN WAGNER H,52,52
574,JUDSON EARLY CO,1,0
575,VETERANS MEMORI,33,37
576,VETERANS MEMORI,33,28
577,VETERANS MEMORI,33,42
578,VETERANS MEMORI,33,27
579,VETERANS MEMORI,28,37
580,VETERANS MEMORI,28,28
581,VETERANS MEMORI,28,42
582,VETERANS MEMORI,28,27
583,VETERANS MEMORI,49,37
584,VETERANS MEMORI,49,28
585,VETERANS MEMORI,49,42
586,VETERANS MEMORI,49,27
587,VETERANS MEMORI,30,37
588,VETERANS MEMORI,30,28
589,VETERANS MEMORI,30,42
590,VETERANS MEMORI,30,27
591,SOUTHSIDE H S,58,52
592,LYNDON B JOHNSO,38,25
593,LYNDON B JOHNSO,38,69
594,LYNDON B JOHNSO,58,25
595,LYNDON B JOHNSO,58,69
596,BLANCO H S,42,23
597,BORDEN COUNTY S,4,0
598,CLIFTON H S,32,34
599,MERIDIAN H S,24,44
600,MORGAN SCHOOL,50,43
601,VALLEY MILLS H,40,28
602,WALNUT SPRINGS,33,55
603,IREDELL SCHOOL,25,13
604,KOPPERL SCHOOL,50,70
605,CRANFILLS GAP S,8,25
606,DEKALB H S,33,34
607,HOOKS H S,37,34
608,MAUD SCHOOL,28,38
609,NEW BOSTON H S,41,39
610,REDWATER H S,28,29
611,TEXAS H S,40,34
612,OPTIONS,88,79
613,LIBERTY-EYLAU H,55,46
614,JAMES BOWIE H S,54,35
615,PLEASANT GROVE,15,14
617,ALVIN H S,46,42
618,MANVEL H S,46,47
619,ASSETS,76,74
620,SHADOW CREEK H,30,32
621,ANGLETON H S,40,33
622,BRAZORIA CO JUV,84,77
623,DANBURY H S,29,34
624,BRAZOSPORT H S,62,57
625,BRAZOSWOOD H S,40,34
629,LIGHTHOUSE LEAR,92,90
630,SWEENY H S,36,33
631,COLUMBIA H S,43,41
632,PEARLAND H S,29,30
633,PACE CENTER,57,65
634,GLENDA DAWSON H,17,17
635,ROBERT TURNER C,23,25
636,DAMON H S,40,50
637,A & M CONS H S,32,30
639,COLLEGE STATION,19,16
645,COLLEGE VIEW H,58,36
646,TRAVIS B BRYAN,53,52
647,JAMES EARL RUDD,62,60
648,BRYAN COLLEGIAT,13,10
649,BRAZOS CO JUVEN,92,67
650,THE MARY CATHER,95,85
651,BIG BEND H S,71,56
652,ALPINE H S,28,6
654,SILVERTON SCHOO,0,21
655,FALFURRIAS H S,57,51
656,BANGS H S,34,30
657,BROWNWOOD H S,37,36
659,BLANKET SCHOOL,29,33
660,MAY H S,44,28
661,ZEPHYR SCHOOL,0,27
662,BROOKESMITH SCH,29,50
663,EARLY H S,19,20
664,CALDWELL H S,29,28
665,SOMERVILLE H S,59,44
666,SNOOK SECONDARY,60,47
667,BURNET H S,49,44
668,QUEST H S,33,76
669,MARBLE FALLS H,39,37
670,FALLS CAREER H,60,70
671,LOCKHART H S,54,49
672,LOCKHART PRIDE,80,50
673,LULING H S,58,55
674,PRAIRIE LEA SCH,62,63
675,CALHOUN H S,45,46
677,CROSS PLAINS H,45,30
678,CLYDE H S,34,25
679,BAIRD H S,39,37
680,EULA H S,26,11
681,HANNA EARLY COL,36,34
682,PORTER EARLY CO,57,59
683,PACE EARLY COLL,44,43
684,RIVERA EARLY CO,52,47
685,BROWNSVILLE LEA,90,89
686,LOPEZ EARLY COL,49,43
687,BROWNSVILLE EAR,3,3
688,LINCOLN PARK SC,71,71
689,HARLINGEN H S,82,45
690,HARLINGEN H S -,80,35
691,KEYS ACAD,86,82
693,EARLY COLLEGE H,3,3
694,EARLY COLLEGE H,3,14
695,EARLY COLLEGE H,3,8
696,EARLY COLLEGE H,17,3
697,EARLY COLLEGE H,17,14
698,EARLY COLLEGE H,17,8
699,EARLY COLLEGE H,1,3
700,EARLY COLLEGE H,1,14
701,EARLY COLLEGE H,1,8
702,HARLINGEN SCHOO,5,4
704,LA FERIA H S,46,47
705,LA FERIA ACADEM,100,75
707,LOS FRESNOS H S,81,89
708,LOS FRESNOS UNI,32,26
709,AMI KIDS RIO GR,88,67
710,PORT ISABEL H S,82,49
711,RIO HONDO H S,50,46
712,SAN BENITO H S,85,62
715,RGV YOUTH RECOV,63,80
716,GATEWAY TO GRAD,84,65
717,HESTER JUVENILE,79,86
718,SANTA MARIA H S,63,67
719,SANTA MARIA ACA,100,100
720,SANTA ROSA H S,46,33
721,SOUTH TEXAS BUS,23,16
722,SOUTH TEXAS ACA,26,21
723,SOUTH TEXAS H S,11,9
724,THE SCIENCE ACA,6,5
725,PITTSBURG H S,28,28
727,PANHANDLE H S,14,25
728,WHITE DEER H S,39,25
729,ATLANTA H S,43,44
730,AVINGER SCHOOL,18,38
731,HUGHES SPRINGS,23,32
732,LINDEN-KILDARE,30,25
733,MCLEOD H S,41,38
734,QUEEN CITY H S,31,25
735,BLOOMBURG H S,41,37
736,DIMMITT H S,56,44
737,HART ISD,71,69
738,NAZARETH SCHOOL,14,0
739,ANAHUAC H S,44,49
740,BARBERS HILL H,15,11
741,EAST CHAMBERS H,36,36
742,ALTO H S,55,42
743,JACKSONVILLE H,45,41
744,RUSK H S,40,29
745,NEW SUMMERFIELD,44,53
746,WELLS H S,48,48
747,CHILDRESS H S,32,32
748,HENRIETTA H S,33,22
749,PETROLIA JUNIOR,30,30
750,BELLEVUE SCHOOL,40,25
751,MIDWAY SCHOOL,13,18
752,MORTON SCHOOL,50,53
753,WHITEFACE H S,19,6
754,BRONTE ISD,27,27
755,ROBERT LEE H S,50,39
758,COLEMAN H S,29,25
759,SANTA ANNA SECO,42,38
760,PANTHER CREEK S,20,7
761,IMAGINE INTERNA,4,2
762,ALLEN H S,81,11
763,ANNA H S,33,31
764,CELINA H S,21,22
765,FARMERSVILLE H,24,26
766,FRISCO H S,17,22
767,CENTENNIAL H S,5,11
768,WAKELAND H S,5,9
769,LIBERTY H S,9,9
770,LIBERTY H S,9,91
771,LIBERTY H S,9,48
772,LIBERTY H S,97,9
773,LIBERTY H S,97,91
774,LIBERTY H S,97,48
775,LIBERTY H S,51,9
776,LIBERTY H S,51,91
777,LIBERTY H S,51,48
778,HERITAGE H S,11,14
779,LONE STAR H S,12,11
780,INDEPENDENCE H,11,13
781,REEDY H S,6,4
782,MCKINNEY H S,27,23
783,MCKINNEY NORTH,18,19
785,COUNTY RESIDENT,63,80
786,MCKINNEY BOYD H,13,13
787,MELISSA H S,17,14
788,PLANO SR H S,90,74
789,WILLIAMS H S,32,20
790,VINES H S,18,22
791,PLANO EAST SR H,20,29
792,SHEPTON H S,24,19
793,PLANO ISD ACADE,0,2
794,JASPER H S,5,6
795,JASPER H S,5,49
796,JASPER H S,53,6
797,JASPER H S,53,49
798,PLANO WEST SENI,85,84
799,C A MCMILLEN H,21,18
800,PRINCETON H S,37,37
801,PROSPER H S,11,12
802,WYLIE H S,19,18
803,WYLIE H S,19,13
804,WYLIE H S,10,18
805,WYLIE H S,10,13
806,WYLIE EAST H S,19,19
807,ACHIEVE ACADEMY,68,70
808,BLUE RIDGE H S,38,37
809,COMMUNITY H S,41,35
810,LOVEJOY H S,4,6
811,WELLINGTON H S,22,18
812,COLUMBUS H S,39,43
815,COLUMBUS ALTERN,95,60
816,COLUMBUS ALTERN,95,100
817,RICE H S,50,42
818,RICE H S,50,55
819,RICE H S,52,42
820,RICE H S,52,55
821,RICE CHALLENGE,59,56
822,WEIMAR H S,33,19
823,TRINITY CHARTER,61,50
824,TRINITY CHARTER,61,75
825,TRINITY CHARTER,76,50
826,TRINITY CHARTER,76,75
827,PEGASUS SCHOOL,53,82
828,AZLEWAY - CHAPE,100,100
829,AZLEWAY - BIG S,89,100
830,AZLEWAY - WILLO,69,75
831,NEW BRAUNFELS H,76,22
833,NEW BRAUNFELS H,15,22
835,THE NBISD LEARN,83,70
836,CANYON H S,33,34
837,CANYON H S,33,26
838,CANYON H S,27,34
839,CANYON H S,27,26
840,SMITHSON VALLEY,14,14
841,CANYON LAKE H S,34,30
842,MEMORIAL EARLY,1,4
844,COMANCHE H S,37,28
845,DE LEON H S,36,33
846,GUSTINE SCHOOL,19,38
847,SIDNEY SCHOOL,64,60
848,EDEN CISD,57,42
849,PAINT ROCK SCHO,41,20
850,GAINESVILLE H S,57,46
851,MUENSTER H S,18,24
852,VALLEY VIEW H S,37,34
853,VALLEY VIEW H S,37,49
854,VALLEY VIEW H S,50,34
855,VALLEY VIEW H S,50,49
856,CALLISBURG H S,29,24
857,ERA SCHOOL,23,16
858,LINDSAY H S,4,9
859,EVANT H S,48,52
860,GATESVILLE H S,36,31
861,OGLESBY SCHOOL,20,29
862,JONESBORO SCHOO,36,33
863,COPPERAS COVE H,40,35
864,CROSSROADS H S,64,91
865,CROSSROADS H S,64,77
866,CROSSROADS H S,90,91
867,CROSSROADS H S,90,77
868,PADUCAH SCHOOL,45,32
869,CRANE H S,57,43
870,OZONA H S,39,48
871,CROSBYTON SECON,50,48
872,LORENZO H S,44,38
873,RALLS H S,44,29
874,VAN HORN SCHOOL,59,58
875,DALHART H S,41,40
876,X I T SECONDARY,100,89
877,TEXLINE SCHOOL,60,50
878,PEGASUS CHARTER,40,43
879,UPLIFT EDUCATIO,8,2
880,UPLIFT WILLIAMS,27,30
881,UPLIFT LUNA PRE,47,37
882,UPLIFT HEIGHTS,38,47
883,UPLIFT HAMPTON,31,26
884,UPLIFT SUMMIT I,22,19
885,UPLIFT PEAK PRE,35,24
886,UPLIFT INFINITY,27,20
887,UPLIFT MIGHTY H,47,54
888,DALLAS CAN ACAD,68,71
889,DALLAS CAN ACAD,68,76
890,DALLAS CAN ACAD,68,70
891,DALLAS CAN ACAD,68,73
892,DALLAS CAN ACAD,68,82
893,DALLAS CAN ACAD,79,71
894,DALLAS CAN ACAD,79,76
895,DALLAS CAN ACAD,79,70
896,DALLAS CAN ACAD,79,73
897,DALLAS CAN ACAD,79,82
898,DALLAS CAN ACAD,81,71
899,DALLAS CAN ACAD,81,76
900,DALLAS CAN ACAD,81,70
901,DALLAS CAN ACAD,81,73
902,DALLAS CAN ACAD,81,82
903,DALLAS CAN ACAD,78,71
904,DALLAS CAN ACAD,78,76
905,DALLAS CAN ACAD,78,70
906,DALLAS CAN ACAD,78,73
907,DALLAS CAN ACAD,78,82
908,DALLAS CAN ACAD,88,71
909,DALLAS CAN ACAD,88,76
910,DALLAS CAN ACAD,88,70
911,DALLAS CAN ACAD,88,73
912,DALLAS CAN ACAD,88,82
913,AUSTIN CAN ACAD,89,82
914,FORT WORTH CAN,82,83
915,FORT WORTH CAN,82,83
916,FORT WORTH CAN,85,83
917,FORT WORTH CAN,85,83
918,HOUSTON CAN ACA,87,83
919,HOUSTON CAN ACA,87,77
920,HOUSTON CAN ACA,87,73
921,HOUSTON CAN ACA,72,83
922,HOUSTON CAN ACA,72,77
923,HOUSTON CAN ACA,72,73
924,HOUSTON CAN ACA,89,83
925,HOUSTON CAN ACA,89,77
926,HOUSTON CAN ACA,89,73
927,SAN ANTONIO CAN,82,62
928,GARLAND CAN ACA,79,71
929,ADVANTAGE ACADE,65,56
930,LIFE SCHOOL OAK,37,35
931,LIFE H S WAXAHA,28,32
932,UNIVERSAL ACADE,44,20
933,UNIVERSAL ACADE,44,20
934,UNIVERSAL ACADE,14,20
935,UNIVERSAL ACADE,14,20
936,DALLAS COUNTY J,75,81
943,MEDLOCK YOUTH V,82,75
944,SAU CAMPUS,92,90
946,FOCUS LEARNING,60,46
947,JEAN MASSIEU AC,25,50
948,WINFREE ACADEMY,80,84
949,WINFREE ACADEMY,80,86
950,WINFREE ACADEMY,80,66
951,WINFREE ACADEMY,80,68
952,WINFREE ACADEMY,80,63
953,WINFREE ACADEMY,80,71
954,WINFREE ACADEMY,84,84
955,WINFREE ACADEMY,84,86
956,WINFREE ACADEMY,84,66
957,WINFREE ACADEMY,84,68
958,WINFREE ACADEMY,84,63
959,WINFREE ACADEMY,84,71
960,WINFREE ACADEMY,76,84
961,WINFREE ACADEMY,76,86
962,WINFREE ACADEMY,76,66
963,WINFREE ACADEMY,76,68
964,WINFREE ACADEMY,76,63
965,WINFREE ACADEMY,76,71
966,WINFREE ACADEMY,74,84
967,WINFREE ACADEMY,74,86
968,WINFREE ACADEMY,74,66
969,WINFREE ACADEMY,74,68
970,WINFREE ACADEMY,74,63
971,WINFREE ACADEMY,74,71
972,WINFREE ACADEMY,83,84
973,WINFREE ACADEMY,83,86
974,WINFREE ACADEMY,83,66
975,WINFREE ACADEMY,83,68
976,WINFREE ACADEMY,83,63
977,WINFREE ACADEMY,83,71
978,WINFREE ACADEMY,73,84
979,WINFREE ACADEMY,73,86
980,WINFREE ACADEMY,73,66
981,WINFREE ACADEMY,73,68
982,WINFREE ACADEMY,73,63
983,WINFREE ACADEMY,73,71
984,A+ ACADEMY,47,60
985,INSPIRED VISION,48,53
986,GATEWAY CHARTER,80,75
987,GATEWAY CHARTER,80,25
988,GATEWAY CHARTER,42,75
989,GATEWAY CHARTER,42,25
990,EVOLUTION ACADE,85,81
991,EVOLUTION ACADE,85,80
992,EVOLUTION ACADE,85,78
993,EVOLUTION ACADE,83,81
994,EVOLUTION ACADE,83,80
995,EVOLUTION ACADE,83,78
996,EVOLUTION ACADE,83,81
997,EVOLUTION ACADE,83,80
998,EVOLUTION ACADE,83,78
999,MANARA LEADERSH,52,21
1000,UME PREPARATORY,25,28
1001,LEGACY PREPARAT,54,45
1002,LEGACY PREPARAT,54,27
1003,LEGACY PREPARAT,33,45
1004,LEGACY PREPARAT,33,27
1005,VILLAGE TECH SC,27,40
1006,INTERNATIONAL L,0,23
1007,INTERNATIONAL L,0,38
1008,INTERNATIONAL L,0,14
1009,INTERNATIONAL L,33,23
1010,INTERNATIONAL L,33,38
1011,INTERNATIONAL L,33,14
1012,INTERNATIONAL L,3,23
1013,INTERNATIONAL L,3,38
1014,INTERNATIONAL L,3,14
1015,INTERNATIONAL L,42,23
1016,INTERNATIONAL L,42,38
1017,INTERNATIONAL L,42,14
1018,INTERNATIONAL L,0,23
1019,INTERNATIONAL L,0,38
1020,INTERNATIONAL L,0,14
1021,INTERNATIONAL L,17,23
1022,INTERNATIONAL L,17,38
1023,INTERNATIONAL L,17,14
1024,TURNER H S,44,43
1025,SMITH H S,45,38
1026,CREEKVIEW H S,33,29
1027,RANCHVIEW H S,43,43
1028,CEDAR HILL H S,79,46
1029,NINTH GRADE CEN,42,3
1030,CEDAR HILL COLL,8,0
1031,BRYAN ADAMS H S,48,49
1032,W H ADAMSON H S,54,55
1033,A MACEO SMITH N,38,37
1034,MOISES E MOLINA,51,47
1035,HILLCREST H S,50,49
1036,THOMAS JEFFERSO,59,58
1037,JUSTIN F KIMBAL,64,53
1038,LINCOLN HUMANIT,73,65
1039,L G PINKSTON H,55,62
1040,FRANKLIN D ROOS,71,63
1041,W W SAMUELL H S,62,60
1042,SEAGOVILLE H S,57,55
1043,SOUTH OAK CLIFF,70,69
1044,H GRADY SPRUCE,67,62
1045,SUNSET H S,53,52
1046,W T WHITE H S,52,48
1047,WOODROW WILSON,42,35
1051,DAVID W CARTER,67,63
1052,NORTH DALLAS H,65,55
1053,SKYLINE H S,45,42
1054,EMMETT J CONRAD,59,67
1055,JAMES MADISON H,65,67
1056,SCHOOL OF BUSIN,2,0
1057,BOOKER T WASHIN,4,3
1058,IRMA LERMA RANG,1,0
1059,SCHOOL OF HEALT,0,0
1060,ROSIE SORRELLS,3,2
1061,JUDGE BAREFOOT,1,1
1062,SCHOOL FOR THE,0,0
1063,WILLIAM B TRAVI,0,19
1064,WILLIAM B TRAVI,17,19
1065,KATHLYN JOY GIL,8,5
1066,TRINIDAD GARZA,0,1
1067,DR WRIGHT L LAS,0,0
1069,HOSPITAL/HOMEBO,81,77
1070,WILMER-HUTCHINS,66,63
1071,BARACK OBAMA MA,2,2
1072,INNOVATION DESI,47,44
1073,JOHN LESLIE PAT,91,92
1074,DESOTO H S & IS,56,51
1075,WINGS (WHERE I,71,63
1077,DUNCANVILLE H S,55,46
1078,MARY E SMITHEY,64,80
1079,GARLAND H S,49,43
1080,S GARLAND H S,62,61
1081,N GARLAND H S,36,32
1082,LAKEVIEW CENTEN,36,32
1083,MEMORIAL PATHWA,95,88
1084,NAAMAN FOREST H,48,42
1085,ROWLETT H S,39,32
1086,SACHSE H S,29,30
1087,PATHFINDER ACHI,85,89
1089,GRAND PRAIRIE H,65,57
1090,SOUTH GRAND PRA,40,39
1091,CROSSWINDS H S,90,87
1092,JOHN A DUBISKI,23,15
1093,GRAND PRAIRIE C,6,0
1094,YWLA AT BILL AR,11,20
1095,HIGHLAND PARK H,2,3
1096,HIGHLAND PARK H,2,20
1097,HIGHLAND PARK H,37,3
1098,HIGHLAND PARK H,37,20
1099,IRVING H S,65,48
1100,NIMITZ H S,55,46
1101,NIMITZ H S,55,49
1102,NIMITZ H S,79,46
1103,NIMITZ H S,79,49
1104,BARBARA CARDWEL,65,60
1105,JACK E SINGLEY,43,38
1106,LANCASTER H S,50,47
1107,MESQUITE H S,50,41
1108,NORTH MESQUITE,46,45
1109,WEST MESQUITE H,52,44
1110,HORN H S,39,40
1112,MESQUITE ACADEM,77,81
1113,LAKE HIGHLANDS,47,42
1114,RICHARDSON H S,26,25
1115,PEARCE H S,28,29
1116,BERKNER H S,39,37
1117,SUNNYVALE H S,11,9
1118,COPPELL H S,10,11
1119,NEW TECH H S AT,14,16
1120,DAWSON SCHOOL,45,36
1121,KLONDIKE ISD,0,13
1122,LAMESA H S,54,54
1123,LAMESA SUCCESS,83,88
1124,SANDS CISD,38,31
1125,HEREFORD H S,55,53
1126,HEREFORD CENTER,81,81
1127,COOPER H S,33,28
1128,COOPER H S,33,38
1129,COOPER H S,40,28
1130,COOPER H S,40,38
1131,FANNINDEL H S,56,47
1132,RYAN H S,40,40
1133,DENTON H S,44,41
1134,GUYER H S,20,20
1135,RAY E BRASWELL,32,34
1137,JOE DALE SPARKS,75,50
1138,LEWISVILLE H S,39,44
1139,MARCUS H S,67,16
1140,THE COLONY H S,37,25
1141,LEARNING CTR,85,82
1142,HEBRON H S,73,21
1143,FLOWER MOUND H,77,8
1146,PILOT POINT H S,20,26
1147,KRUM H S,28,30
1149,PONDER H S,33,17
1150,AUBREY H S,25,24
1151,SANGER H S,35,28
1152,LINDA TUTT H S,100,67
1153,ARGYLE H S,7,8
1154,NORTHWEST H S,30,30
1156,BYRON NELSON H,16,15
1157,JAMES M STEELE,3,5
1158,V R EATON H S,18,20
1159,LAKE DALLAS H S,31,33
1160,LITTLE ELM H S,38,30
1161,CUERO H S,41,36
1162,NORDHEIM SCHOOL,81,82
1163,YOAKUM H S,43,45
1164,YORKTOWN H S,39,48
1165,SPUR SCHOOL,31,40
1166,PATTON SPRINGS,38,17
1167,CARRIZO SPRINGS,56,50
1168,CLARENDON H S,26,28
1169,HEDLEY SCHOOL,60,33
1170,BENAVIDES SECON,55,58
1171,SAN DIEGO H S,52,61
1172,FREER H S,77,83
1173,CISCO H S,14,16
1175,EASTLAND H S,40,51
1176,GORMAN H S,50,38
1177,RANGER H S,57,41
1178,RISING STAR H S,14,0
1179,ODESSA H S,67,60
1180,PERMIAN H S,49,41
1181,ALTER ED CTR,78,79
1182,ECTOR CO YOUTH,83,67
1183,GEORGE H W BUSH,26,22
1184,ODESSA CAREER A,28,16
1185,ECISD FALCON EA,10,13
1186,ROCKSPRINGS K-1,53,43
1187,NUECES CANYON J,33,23
1188,OAK CLIFF FAITH,73,66
1189,AVALON SCHOOL,47,39
1190,ENNIS H S,42,44
1191,FERRIS H S,52,52
1192,ITALY H S,40,33
1193,MIDLOTHIAN H S,32,27
1194,MIDLOTHIAN HERI,15,21
1195,MILFORD SCHOOL,29,20
1196,PALMER H S,25,27
1197,RED OAK H S,37,31
1198,WAXAHACHIE H S,40,34
1199,WAXAHACHIE H S,40,100
1202,WAXAHACHIE GLOB,1,4
1203,MAYPEARL H S,25,35
1204,DAVINCI SCHOOL,31,22
1205,PASO DEL NORTE,71,60
1206,PASEO DEL NORTE,58,49
1207,EL PASO ACADEMY,82,78
1208,EL PASO ACADEMY,82,85
1209,EL PASO ACADEMY,73,78
1210,EL PASO ACADEMY,73,85
1211,HARMONY SCHOOL,34,30
1212,HARMONY SCHOOL,34,28
1213,HARMONY SCHOOL,34,17
1214,HARMONY SCHOOL,34,18
1215,HARMONY SCHOOL,34,11
1216,HARMONY SCHOOL,34,10
1217,HARMONY SCHOOL,34,21
1218,HARMONY SCHOOL,34,23
1219,HARMONY SCHOOL,34,27
1220,HARMONY SCHOOL,34,12
1221,HARMONY SCHOOL,34,17
1222,HARMONY SCHOOL,34,45
1223,HARMONY SCHOOL,43,30
1224,HARMONY SCHOOL,43,28
1225,HARMONY SCHOOL,43,17
1226,HARMONY SCHOOL,43,18
1227,HARMONY SCHOOL,43,11
1228,HARMONY SCHOOL,43,10
1229,HARMONY SCHOOL,43,21
1230,HARMONY SCHOOL,43,23
1231,HARMONY SCHOOL,43,27
1232,HARMONY SCHOOL,43,12
1233,HARMONY SCHOOL,43,17
1234,HARMONY SCHOOL,43,45
1235,HARMONY SCHOOL,25,30
1236,HARMONY SCHOOL,25,28
1237,HARMONY SCHOOL,25,17
1238,HARMONY SCHOOL,25,18
1239,HARMONY SCHOOL,25,11
1240,HARMONY SCHOOL,25,10
1241,HARMONY SCHOOL,25,21
1242,HARMONY SCHOOL,25,23
1243,HARMONY SCHOOL,25,27
1244,HARMONY SCHOOL,25,12
1245,HARMONY SCHOOL,25,17
1246,HARMONY SCHOOL,25,45
1247,HARMONY SCHOOL,23,30
1248,HARMONY SCHOOL,23,28
1249,HARMONY SCHOOL,23,17
1250,HARMONY SCHOOL,23,18
1251,HARMONY SCHOOL,23,11
1252,HARMONY SCHOOL,23,10
1253,HARMONY SCHOOL,23,21
1254,HARMONY SCHOOL,23,23
1255,HARMONY SCHOOL,23,27
1256,HARMONY SCHOOL,23,12
1257,HARMONY SCHOOL,23,17
1258,HARMONY SCHOOL,23,45
1259,HARMONY SCHOOL,10,30
1260,HARMONY SCHOOL,10,28
1261,HARMONY SCHOOL,10,17
1262,HARMONY SCHOOL,10,18
1263,HARMONY SCHOOL,10,11
1264,HARMONY SCHOOL,10,10
1265,HARMONY SCHOOL,10,21
1266,HARMONY SCHOOL,10,23
1267,HARMONY SCHOOL,10,27
1268,HARMONY SCHOOL,10,12
1269,HARMONY SCHOOL,10,17
1270,HARMONY SCHOOL,10,45
1271,HARMONY SCHOOL,7,30
1272,HARMONY SCHOOL,7,28
1273,HARMONY SCHOOL,7,17
1274,HARMONY SCHOOL,7,18
1275,HARMONY SCHOOL,7,11
1276,HARMONY SCHOOL,7,10
1277,HARMONY SCHOOL,7,21
1278,HARMONY SCHOOL,7,23
1279,HARMONY SCHOOL,7,27
1280,HARMONY SCHOOL,7,12
1281,HARMONY SCHOOL,7,17
1282,HARMONY SCHOOL,7,45
1283,HARMONY SCHOOL,20,30
1284,HARMONY SCHOOL,20,28
1285,HARMONY SCHOOL,20,17
1286,HARMONY SCHOOL,20,18
1287,HARMONY SCHOOL,20,11
1288,HARMONY SCHOOL,20,10
1289,HARMONY SCHOOL,20,21
1290,HARMONY SCHOOL,20,23
1291,HARMONY SCHOOL,20,27
1292,HARMONY SCHOOL,20,12
1293,HARMONY SCHOOL,20,17
1294,HARMONY SCHOOL,20,45
1295,HARMONY SCHOOL,22,30
1296,HARMONY SCHOOL,22,28
1297,HARMONY SCHOOL,22,17
1298,HARMONY SCHOOL,22,18
1299,HARMONY SCHOOL,22,11
1300,HARMONY SCHOOL,22,10
1301,HARMONY SCHOOL,22,21
1302,HARMONY SCHOOL,22,23
1303,HARMONY SCHOOL,22,27
1304,HARMONY SCHOOL,22,12
1305,HARMONY SCHOOL,22,17
1306,HARMONY SCHOOL,22,45
1307,HARMONY SCHOOL,36,30
1308,HARMONY SCHOOL,36,28
1309,HARMONY SCHOOL,36,17
1310,HARMONY SCHOOL,36,18
1311,HARMONY SCHOOL,36,11
1312,HARMONY SCHOOL,36,10
1313,HARMONY SCHOOL,36,21
1314,HARMONY SCHOOL,36,23
1315,HARMONY SCHOOL,36,27
1316,HARMONY SCHOOL,36,12
1317,HARMONY SCHOOL,36,17
1318,HARMONY SCHOOL,36,45
1319,HARMONY SCHOOL,15,30
1320,HARMONY SCHOOL,15,28
1321,HARMONY SCHOOL,15,17
1322,HARMONY SCHOOL,15,18
1323,HARMONY SCHOOL,15,11
1324,HARMONY SCHOOL,15,10
1325,HARMONY SCHOOL,15,21
1326,HARMONY SCHOOL,15,23
1327,HARMONY SCHOOL,15,27
1328,HARMONY SCHOOL,15,12
1329,HARMONY SCHOOL,15,17
1330,HARMONY SCHOOL,15,45
1331,HARMONY SCHOOL,27,30
1332,HARMONY SCHOOL,27,28
1333,HARMONY SCHOOL,27,17
1334,HARMONY SCHOOL,27,18
1335,HARMONY SCHOOL,27,11
1336,HARMONY SCHOOL,27,10
1337,HARMONY SCHOOL,27,21
1338,HARMONY SCHOOL,27,23
1339,HARMONY SCHOOL,27,27
1340,HARMONY SCHOOL,27,12
1341,HARMONY SCHOOL,27,17
1342,HARMONY SCHOOL,27,45
1343,HARMONY SCHOOL,58,30
1344,HARMONY SCHOOL,58,28
1345,HARMONY SCHOOL,58,17
1346,HARMONY SCHOOL,58,18
1347,HARMONY SCHOOL,58,11
1348,HARMONY SCHOOL,58,10
1349,HARMONY SCHOOL,58,21
1350,HARMONY SCHOOL,58,23
1351,HARMONY SCHOOL,58,27
1352,HARMONY SCHOOL,58,12
1353,HARMONY SCHOOL,58,17
1354,HARMONY SCHOOL,58,45
1355,CLINT H S,42,40
1356,MOUNTAIN VIEW H,50,48
1357,HORIZON H S,55,43
1358,CLINT ISD EARLY,8,5
1359,ANDRESS H S,63,51
1360,AUSTIN H S,62,56
1361,AUSTIN H S,62,61
1362,AUSTIN H S,62,18
1363,AUSTIN H S,65,56
1364,AUSTIN H S,65,61
1365,AUSTIN H S,65,18
1366,AUSTIN H S,18,56
1367,AUSTIN H S,18,61
1368,AUSTIN H S,18,18
1369,BOWIE H S,73,72
1370,BOWIE H S,73,26
1371,BOWIE H S,73,42
1372,BOWIE H S,73,7
1373,BOWIE H S,37,72
1374,BOWIE H S,37,26
1375,BOWIE H S,37,42
1376,BOWIE H S,37,7
1377,BOWIE H S,46,72
1378,BOWIE H S,46,26
1379,BOWIE H S,46,42
1380,BOWIE H S,46,7
1381,BOWIE H S,10,72
1382,BOWIE H S,10,26
1383,BOWIE H S,10,42
1384,BOWIE H S,10,7
1385,BURGES H S,49,42
1386,CORONADO H S,33,29
1387,CORONADO H S,33,43
1388,CORONADO H S,45,29
1389,CORONADO H S,45,43
1390,EL PASO H S,45,42
1391,IRVIN H S,61,57
1392,FRANKLIN H S,35,35
1393,FRANKLIN H S,35,24
1394,FRANKLIN H S,19,35
1395,FRANKLIN H S,19,24
1396,SILVA HEALTH MA,2,1
1397,CHAPIN H S,42,34
1398,TRANSMOUNTAIN E,4,3
1399,COLLEGE CAREER,82,89
1400,COLLEGE CAREER,82,100
1401,COLLEGE CAREER,90,89
1402,COLLEGE CAREER,90,100
1404,FABENS H S,49,46
1405,SAN ELIZARIO H,47,50
1406,BEL AIR H S,37,39
1407,EASTWOOD H S,22,19
1408,PARKLAND H S,43,43
1409,YSLETA H S,51,56
1410,RIVERSIDE H S,56,56
1411,J M HANKS H S,37,30
1412,DEL VALLE H S,37,35
1413,DEL VALLE H S,37,48
1414,DEL VALLE H S,57,35
1415,DEL VALLE H S,57,48
1416,TEJAS SCHOOL OF,87,87
1417,VALLE VERDE EAR,3,7
1418,PLATO ACADEMY,89,94
1419,ANTHONY H S,39,31
1420,CANUTILLO H S,46,50
1421,NORTHWEST EARLY,5,3
1422,TORNILLO H S,63,57
1423,SOCORRO H S,55,53
1424,MONTWOOD H S,38,36
1425,AMERICAS H S,39,39
1426,EL DORADO H S,39,33
1427,MISSION EARLY C,4,2
1428,EASTLAKE H S,43,38
1429,OPTIONS H S,83,86
1430,PEBBLE HILLS H,39,34
1431,PREMIER H S OF,53,60
1432,PREMIER H S OF,53,29
1433,PREMIER H S OF,53,46
1434,PREMIER H S OF,53,38
1435,PREMIER H S OF,53,75
1436,PREMIER H S OF,53,73
1437,PREMIER H S OF,53,60
1438,PREMIER H S OF,53,50
1439,PREMIER H S OF,53,29
1440,PREMIER H S OF,53,40
1441,PREMIER H S OF,53,59
1442,PREMIER H S OF,53,81
1443,PREMIER H S OF,53,27
1444,PREMIER H S OF,53,67
1445,PREMIER H S OF,53,65
1446,PREMIER H S OF,53,55
1447,PREMIER H S OF,53,74
1448,PREMIER H S OF,53,64
1449,PREMIER H S OF,53,75
1450,PREMIER H S OF,53,33
1451,PREMIER H S OF,53,38
1452,PREMIER H S OF,53,36
1453,PREMIER H S OF,53,54
1454,PREMIER H S OF,53,75
1455,PREMIER H S OF,53,43
1456,PREMIER H S OF,53,57
1457,PREMIER H S OF,53,80
1458,PREMIER H S OF,53,60
1459,PREMIER H S OF,53,36
1460,PREMIER H S OF,53,69
1461,PREMIER H S OF,30,60
1462,PREMIER H S OF,30,29
1463,PREMIER H S OF,30,46
1464,PREMIER H S OF,30,38
1465,PREMIER H S OF,30,75
1466,PREMIER H S OF,30,73
1467,PREMIER H S OF,30,60
1468,PREMIER H S OF,30,50
1469,PREMIER H S OF,30,29
1470,PREMIER H S OF,30,40
1471,PREMIER H S OF,30,59
1472,PREMIER H S OF,30,81
1473,PREMIER H S OF,30,27
1474,PREMIER H S OF,30,67
1475,PREMIER H S OF,30,65
1476,PREMIER H S OF,30,55
1477,PREMIER H S OF,30,74
1478,PREMIER H S OF,30,64
1479,PREMIER H S OF,30,75
1480,PREMIER H S OF,30,33
1481,PREMIER H S OF,30,38
1482,PREMIER H S OF,30,36
1483,PREMIER H S OF,30,54
1484,PREMIER H S OF,30,75
1485,PREMIER H S OF,30,43
1486,PREMIER H S OF,30,57
1487,PREMIER H S OF,30,80
1488,PREMIER H S OF,30,60
1489,PREMIER H S OF,30,36
1490,PREMIER H S OF,30,69
1491,PREMIER H S OF,55,60
1492,PREMIER H S OF,55,29
1493,PREMIER H S OF,55,46
1494,PREMIER H S OF,55,38
1495,PREMIER H S OF,55,75
1496,PREMIER H S OF,55,73
1497,PREMIER H S OF,55,60
1498,PREMIER H S OF,55,50
1499,PREMIER H S OF,55,29
1500,PREMIER H S OF,55,40
1501,PREMIER H S OF,55,59
1502,PREMIER H S OF,55,81
1503,PREMIER H S OF,55,27
1504,PREMIER H S OF,55,67
1505,PREMIER H S OF,55,65
1506,PREMIER H S OF,55,55
1507,PREMIER H S OF,55,74
1508,PREMIER H S OF,55,64
1509,PREMIER H S OF,55,75
1510,PREMIER H S OF,55,33
1511,PREMIER H S OF,55,38
1512,PREMIER H S OF,55,36
1513,PREMIER H S OF,55,54
1514,PREMIER H S OF,55,75
1515,PREMIER H S OF,55,43
1516,PREMIER H S OF,55,57
1517,PREMIER H S OF,55,80
1518,PREMIER H S OF,55,60
1519,PREMIER H S OF,55,36
1520,PREMIER H S OF,55,69
1521,PREMIER H S OF,75,60
1522,PREMIER H S OF,75,29
1523,PREMIER H S OF,75,46
1524,PREMIER H S OF,75,38
1525,PREMIER H S OF,75,75
1526,PREMIER H S OF,75,73
1527,PREMIER H S OF,75,60
1528,PREMIER H S OF,75,50
1529,PREMIER H S OF,75,29
1530,PREMIER H S OF,75,40
1531,PREMIER H S OF,75,59
1532,PREMIER H S OF,75,81
1533,PREMIER H S OF,75,27
1534,PREMIER H S OF,75,67
1535,PREMIER H S OF,75,65
1536,PREMIER H S OF,75,55
1537,PREMIER H S OF,75,74
1538,PREMIER H S OF,75,64
1539,PREMIER H S OF,75,75
1540,PREMIER H S OF,75,33
1541,PREMIER H S OF,75,38
1542,PREMIER H S OF,75,36
1543,PREMIER H S OF,75,54
1544,PREMIER H S OF,75,75
1545,PREMIER H S OF,75,43
1546,PREMIER H S OF,75,57
1547,PREMIER H S OF,75,80
1548,PREMIER H S OF,75,60
1549,PREMIER H S OF,75,36
1550,PREMIER H S OF,75,69
1551,PREMIER H S OF,73,60
1552,PREMIER H S OF,73,29
1553,PREMIER H S OF,73,46
1554,PREMIER H S OF,73,38
1555,PREMIER H S OF,73,75
1556,PREMIER H S OF,73,73
1557,PREMIER H S OF,73,60
1558,PREMIER H S OF,73,50
1559,PREMIER H S OF,73,29
1560,PREMIER H S OF,73,40
1561,PREMIER H S OF,73,59
1562,PREMIER H S OF,73,81
1563,PREMIER H S OF,73,27
1564,PREMIER H S OF,73,67
1565,PREMIER H S OF,73,65
1566,PREMIER H S OF,73,55
1567,PREMIER H S OF,73,74
1568,PREMIER H S OF,73,64
1569,PREMIER H S OF,73,75
1570,PREMIER H S OF,73,33
1571,PREMIER H S OF,73,38
1572,PREMIER H S OF,73,36
1573,PREMIER H S OF,73,54
1574,PREMIER H S OF,73,75
1575,PREMIER H S OF,73,43
1576,PREMIER H S OF,73,57
1577,PREMIER H S OF,73,80
1578,PREMIER H S OF,73,60
1579,PREMIER H S OF,73,36
1580,PREMIER H S OF,73,69
1581,PREMIER H S OF,63,60
1582,PREMIER H S OF,63,29
1583,PREMIER H S OF,63,46
1584,PREMIER H S OF,63,38
1585,PREMIER H S OF,63,75
1586,PREMIER H S OF,63,73
1587,PREMIER H S OF,63,60
1588,PREMIER H S OF,63,50
1589,PREMIER H S OF,63,29
1590,PREMIER H S OF,63,40
1591,PREMIER H S OF,63,59
1592,PREMIER H S OF,63,81
1593,PREMIER H S OF,63,27
1594,PREMIER H S OF,63,67
1595,PREMIER H S OF,63,65
1596,PREMIER H S OF,63,55
1597,PREMIER H S OF,63,74
1598,PREMIER H S OF,63,64
1599,PREMIER H S OF,63,75
1600,PREMIER H S OF,63,33
1601,PREMIER H S OF,63,38
1602,PREMIER H S OF,63,36
1603,PREMIER H S OF,63,54
1604,PREMIER H S OF,63,75
1605,PREMIER H S OF,63,43
1606,PREMIER H S OF,63,57
1607,PREMIER H S OF,63,80
1608,PREMIER H S OF,63,60
1609,PREMIER H S OF,63,36
1610,PREMIER H S OF,63,69
1611,PREMIER H S OF,67,60
1612,PREMIER H S OF,67,29
1613,PREMIER H S OF,67,46
1614,PREMIER H S OF,67,38
1615,PREMIER H S OF,67,75
1616,PREMIER H S OF,67,73
1617,PREMIER H S OF,67,60
1618,PREMIER H S OF,67,50
1619,PREMIER H S OF,67,29
1620,PREMIER H S OF,67,40
1621,PREMIER H S OF,67,59
1622,PREMIER H S OF,67,81
1623,PREMIER H S OF,67,27
1624,PREMIER H S OF,67,67
1625,PREMIER H S OF,67,65
1626,PREMIER H S OF,67,55
1627,PREMIER H S OF,67,74
1628,PREMIER H S OF,67,64
1629,PREMIER H S OF,67,75
1630,PREMIER H S OF,67,33
1631,PREMIER H S OF,67,38
1632,PREMIER H S OF,67,36
1633,PREMIER H S OF,67,54
1634,PREMIER H S OF,67,75
1635,PREMIER H S OF,67,43
1636,PREMIER H S OF,67,57
1637,PREMIER H S OF,67,80
1638,PREMIER H S OF,67,60
1639,PREMIER H S OF,67,36
1640,PREMIER H S OF,67,69
1641,PREMIER H S OF,62,60
1642,PREMIER H S OF,62,29
1643,PREMIER H S OF,62,46
1644,PREMIER H S OF,62,38
1645,PREMIER H S OF,62,75
1646,PREMIER H S OF,62,73
1647,PREMIER H S OF,62,60
1648,PREMIER H S OF,62,50
1649,PREMIER H S OF,62,29
1650,PREMIER H S OF,62,40
1651,PREMIER H S OF,62,59
1652,PREMIER H S OF,62,81
1653,PREMIER H S OF,62,27
1654,PREMIER H S OF,62,67
1655,PREMIER H S OF,62,65
1656,PREMIER H S OF,62,55
1657,PREMIER H S OF,62,74
1658,PREMIER H S OF,62,64
1659,PREMIER H S OF,62,75
1660,PREMIER H S OF,62,33
1661,PREMIER H S OF,62,38
1662,PREMIER H S OF,62,36
1663,PREMIER H S OF,62,54
1664,PREMIER H S OF,62,75
1665,PREMIER H S OF,62,43
1666,PREMIER H S OF,62,57
1667,PREMIER H S OF,62,80
1668,PREMIER H S OF,62,60
1669,PREMIER H S OF,62,36
1670,PREMIER H S OF,62,69
1671,PREMIER H S OF,35,60
1672,PREMIER H S OF,35,29
1673,PREMIER H S OF,35,46
1674,PREMIER H S OF,35,38
1675,PREMIER H S OF,35,75
1676,PREMIER H S OF,35,73
1677,PREMIER H S OF,35,60
1678,PREMIER H S OF,35,50
1679,PREMIER H S OF,35,29
1680,PREMIER H S OF,35,40
1681,PREMIER H S OF,35,59
1682,PREMIER H S OF,35,81
1683,PREMIER H S OF,35,27
1684,PREMIER H S OF,35,67
1685,PREMIER H S OF,35,65
1686,PREMIER H S OF,35,55
1687,PREMIER H S OF,35,74
1688,PREMIER H S OF,35,64
1689,PREMIER H S OF,35,75
1690,PREMIER H S OF,35,33
1691,PREMIER H S OF,35,38
1692,PREMIER H S OF,35,36
1693,PREMIER H S OF,35,54
1694,PREMIER H S OF,35,75
1695,PREMIER H S OF,35,43
1696,PREMIER H S OF,35,57
1697,PREMIER H S OF,35,80
1698,PREMIER H S OF,35,60
1699,PREMIER H S OF,35,36
1700,PREMIER H S OF,35,69
1701,PREMIER H S OF,50,60
1702,PREMIER H S OF,50,29
1703,PREMIER H S OF,50,46
1704,PREMIER H S OF,50,38
1705,PREMIER H S OF,50,75
1706,PREMIER H S OF,50,73
1707,PREMIER H S OF,50,60
1708,PREMIER H S OF,50,50
1709,PREMIER H S OF,50,29
1710,PREMIER H S OF,50,40
1711,PREMIER H S OF,50,59
1712,PREMIER H S OF,50,81
1713,PREMIER H S OF,50,27
1714,PREMIER H S OF,50,67
1715,PREMIER H S OF,50,65
1716,PREMIER H S OF,50,55
1717,PREMIER H S OF,50,74
1718,PREMIER H S OF,50,64
1719,PREMIER H S OF,50,75
1720,PREMIER H S OF,50,33
1721,PREMIER H S OF,50,38
1722,PREMIER H S OF,50,36
1723,PREMIER H S OF,50,54
1724,PREMIER H S OF,50,75
1725,PREMIER H S OF,50,43
1726,PREMIER H S OF,50,57
1727,PREMIER H S OF,50,80
1728,PREMIER H S OF,50,60
1729,PREMIER H S OF,50,36
1730,PREMIER H S OF,50,69
1731,PREMIER H S OF,67,60
1732,PREMIER H S OF,67,29
1733,PREMIER H S OF,67,46
1734,PREMIER H S OF,67,38
1735,PREMIER H S OF,67,75
1736,PREMIER H S OF,67,73
1737,PREMIER H S OF,67,60
1738,PREMIER H S OF,67,50
1739,PREMIER H S OF,67,29
1740,PREMIER H S OF,67,40
1741,PREMIER H S OF,67,59
1742,PREMIER H S OF,67,81
1743,PREMIER H S OF,67,27
1744,PREMIER H S OF,67,67
1745,PREMIER H S OF,67,65
1746,PREMIER H S OF,67,55
1747,PREMIER H S OF,67,74
1748,PREMIER H S OF,67,64
1749,PREMIER H S OF,67,75
1750,PREMIER H S OF,67,33
1751,PREMIER H S OF,67,38
1752,PREMIER H S OF,67,36
1753,PREMIER H S OF,67,54
1754,PREMIER H S OF,67,75
1755,PREMIER H S OF,67,43
1756,PREMIER H S OF,67,57
1757,PREMIER H S OF,67,80
1758,PREMIER H S OF,67,60
1759,PREMIER H S OF,67,36
1760,PREMIER H S OF,67,69
1761,PREMIER H S OF,73,60
1762,PREMIER H S OF,73,29
1763,PREMIER H S OF,73,46
1764,PREMIER H S OF,73,38
1765,PREMIER H S OF,73,75
1766,PREMIER H S OF,73,73
1767,PREMIER H S OF,73,60
1768,PREMIER H S OF,73,50
1769,PREMIER H S OF,73,29
1770,PREMIER H S OF,73,40
1771,PREMIER H S OF,73,59
1772,PREMIER H S OF,73,81
1773,PREMIER H S OF,73,27
1774,PREMIER H S OF,73,67
1775,PREMIER H S OF,73,65
1776,PREMIER H S OF,73,55
1777,PREMIER H S OF,73,74
1778,PREMIER H S OF,73,64
1779,PREMIER H S OF,73,75
1780,PREMIER H S OF,73,33
1781,PREMIER H S OF,73,38
1782,PREMIER H S OF,73,36
1783,PREMIER H S OF,73,54
1784,PREMIER H S OF,73,75
1785,PREMIER H S OF,73,43
1786,PREMIER H S OF,73,57
1787,PREMIER H S OF,73,80
1788,PREMIER H S OF,73,60
1789,PREMIER H S OF,73,36
1790,PREMIER H S OF,73,69
1791,PREMIER H S OF,53,60
1792,PREMIER H S OF,53,29
1793,PREMIER H S OF,53,46
1794,PREMIER H S OF,53,38
1795,PREMIER H S OF,53,75
1796,PREMIER H S OF,53,73
1797,PREMIER H S OF,53,60
1798,PREMIER H S OF,53,50
1799,PREMIER H S OF,53,29
1800,PREMIER H S OF,53,40
1801,PREMIER H S OF,53,59
1802,PREMIER H S OF,53,81
1803,PREMIER H S OF,53,27
1804,PREMIER H S OF,53,67
1805,PREMIER H S OF,53,65
1806,PREMIER H S OF,53,55
1807,PREMIER H S OF,53,74
1808,PREMIER H S OF,53,64
1809,PREMIER H S OF,53,75
1810,PREMIER H S OF,53,33
1811,PREMIER H S OF,53,38
1812,PREMIER H S OF,53,36
1813,PREMIER H S OF,53,54
1814,PREMIER H S OF,53,75
1815,PREMIER H S OF,53,43
1816,PREMIER H S OF,53,57
1817,PREMIER H S OF,53,80
1818,PREMIER H S OF,53,60
1819,PREMIER H S OF,53,36
1820,PREMIER H S OF,53,69
1821,PREMIER H S OF,82,60
1822,PREMIER H S OF,82,29
1823,PREMIER H S OF,82,46
1824,PREMIER H S OF,82,38
1825,PREMIER H S OF,82,75
1826,PREMIER H S OF,82,73
1827,PREMIER H S OF,82,60
1828,PREMIER H S OF,82,50
1829,PREMIER H S OF,82,29
1830,PREMIER H S OF,82,40
1831,PREMIER H S OF,82,59
1832,PREMIER H S OF,82,81
1833,PREMIER H S OF,82,27
1834,PREMIER H S OF,82,67
1835,PREMIER H S OF,82,65
1836,PREMIER H S OF,82,55
1837,PREMIER H S OF,82,74
1838,PREMIER H S OF,82,64
1839,PREMIER H S OF,82,75
1840,PREMIER H S OF,82,33
1841,PREMIER H S OF,82,38
1842,PREMIER H S OF,82,36
1843,PREMIER H S OF,82,54
1844,PREMIER H S OF,82,75
1845,PREMIER H S OF,82,43
1846,PREMIER H S OF,82,57
1847,PREMIER H S OF,82,80
1848,PREMIER H S OF,82,60
1849,PREMIER H S OF,82,36
1850,PREMIER H S OF,82,69
1851,PREMIER H S OF,45,60
1852,PREMIER H S OF,45,29
1853,PREMIER H S OF,45,46
1854,PREMIER H S OF,45,38
1855,PREMIER H S OF,45,75
1856,PREMIER H S OF,45,73
1857,PREMIER H S OF,45,60
1858,PREMIER H S OF,45,50
1859,PREMIER H S OF,45,29
1860,PREMIER H S OF,45,40
1861,PREMIER H S OF,45,59
1862,PREMIER H S OF,45,81
1863,PREMIER H S OF,45,27
1864,PREMIER H S OF,45,67
1865,PREMIER H S OF,45,65
1866,PREMIER H S OF,45,55
1867,PREMIER H S OF,45,74
1868,PREMIER H S OF,45,64
1869,PREMIER H S OF,45,75
1870,PREMIER H S OF,45,33
1871,PREMIER H S OF,45,38
1872,PREMIER H S OF,45,36
1873,PREMIER H S OF,45,54
1874,PREMIER H S OF,45,75
1875,PREMIER H S OF,45,43
1876,PREMIER H S OF,45,57
1877,PREMIER H S OF,45,80
1878,PREMIER H S OF,45,60
1879,PREMIER H S OF,45,36
1880,PREMIER H S OF,45,69
1881,PREMIER H S OF,54,60
1882,PREMIER H S OF,54,29
1883,PREMIER H S OF,54,46
1884,PREMIER H S OF,54,38
1885,PREMIER H S OF,54,75
1886,PREMIER H S OF,54,73
1887,PREMIER H S OF,54,60
1888,PREMIER H S OF,54,50
1889,PREMIER H S OF,54,29
1890,PREMIER H S OF,54,40
1891,PREMIER H S OF,54,59
1892,PREMIER H S OF,54,81
1893,PREMIER H S OF,54,27
1894,PREMIER H S OF,54,67
1895,PREMIER H S OF,54,65
1896,PREMIER H S OF,54,55
1897,PREMIER H S OF,54,74
1898,PREMIER H S OF,54,64
1899,PREMIER H S OF,54,75
1900,PREMIER H S OF,54,33
1901,PREMIER H S OF,54,38
1902,PREMIER H S OF,54,36
1903,PREMIER H S OF,54,54
1904,PREMIER H S OF,54,75
1905,PREMIER H S OF,54,43
1906,PREMIER H S OF,54,57
1907,PREMIER H S OF,54,80
1908,PREMIER H S OF,54,60
1909,PREMIER H S OF,54,36
1910,PREMIER H S OF,54,69
1911,PREMIER H S OF,83,60
1912,PREMIER H S OF,83,29
1913,PREMIER H S OF,83,46
1914,PREMIER H S OF,83,38
1915,PREMIER H S OF,83,75
1916,PREMIER H S OF,83,73
1917,PREMIER H S OF,83,60
1918,PREMIER H S OF,83,50
1919,PREMIER H S OF,83,29
1920,PREMIER H S OF,83,40
1921,PREMIER H S OF,83,59
1922,PREMIER H S OF,83,81
1923,PREMIER H S OF,83,27
1924,PREMIER H S OF,83,67
1925,PREMIER H S OF,83,65
1926,PREMIER H S OF,83,55
1927,PREMIER H S OF,83,74
1928,PREMIER H S OF,83,64
1929,PREMIER H S OF,83,75
1930,PREMIER H S OF,83,33
1931,PREMIER H S OF,83,38
1932,PREMIER H S OF,83,36
1933,PREMIER H S OF,83,54
1934,PREMIER H S OF,83,75
1935,PREMIER H S OF,83,43
1936,PREMIER H S OF,83,57
1937,PREMIER H S OF,83,80
1938,PREMIER H S OF,83,60
1939,PREMIER H S OF,83,36
1940,PREMIER H S OF,83,69
1941,PREMIER H S OF,38,60
1942,PREMIER H S OF,38,29
1943,PREMIER H S OF,38,46
1944,PREMIER H S OF,38,38
1945,PREMIER H S OF,38,75
1946,PREMIER H S OF,38,73
1947,PREMIER H S OF,38,60
1948,PREMIER H S OF,38,50
1949,PREMIER H S OF,38,29
1950,PREMIER H S OF,38,40
1951,PREMIER H S OF,38,59
1952,PREMIER H S OF,38,81
1953,PREMIER H S OF,38,27
1954,PREMIER H S OF,38,67
1955,PREMIER H S OF,38,65
1956,PREMIER H S OF,38,55
1957,PREMIER H S OF,38,74
1958,PREMIER H S OF,38,64
1959,PREMIER H S OF,38,75
1960,PREMIER H S OF,38,33
1961,PREMIER H S OF,38,38
1962,PREMIER H S OF,38,36
1963,PREMIER H S OF,38,54
1964,PREMIER H S OF,38,75
1965,PREMIER H S OF,38,43
1966,PREMIER H S OF,38,57
1967,PREMIER H S OF,38,80
1968,PREMIER H S OF,38,60
1969,PREMIER H S OF,38,36
1970,PREMIER H S OF,38,69
1971,PREMIER H S OF,80,60
1972,PREMIER H S OF,80,29
1973,PREMIER H S OF,80,46
1974,PREMIER H S OF,80,38
1975,PREMIER H S OF,80,75
1976,PREMIER H S OF,80,73
1977,PREMIER H S OF,80,60
1978,PREMIER H S OF,80,50
1979,PREMIER H S OF,80,29
1980,PREMIER H S OF,80,40
1981,PREMIER H S OF,80,59
1982,PREMIER H S OF,80,81
1983,PREMIER H S OF,80,27
1984,PREMIER H S OF,80,67
1985,PREMIER H S OF,80,65
1986,PREMIER H S OF,80,55
1987,PREMIER H S OF,80,74
1988,PREMIER H S OF,80,64
1989,PREMIER H S OF,80,75
1990,PREMIER H S OF,80,33
1991,PREMIER H S OF,80,38
1992,PREMIER H S OF,80,36
1993,PREMIER H S OF,80,54
1994,PREMIER H S OF,80,75
1995,PREMIER H S OF,80,43
1996,PREMIER H S OF,80,57
1997,PREMIER H S OF,80,80
1998,PREMIER H S OF,80,60
1999,PREMIER H S OF,80,36
2000,PREMIER H S OF,80,69
2001,PREMIER H S OF,17,60
2002,PREMIER H S OF,17,29
2003,PREMIER H S OF,17,46
2004,PREMIER H S OF,17,38
2005,PREMIER H S OF,17,75
2006,PREMIER H S OF,17,73
2007,PREMIER H S OF,17,60
2008,PREMIER H S OF,17,50
2009,PREMIER H S OF,17,29
2010,PREMIER H S OF,17,40
2011,PREMIER H S OF,17,59
2012,PREMIER H S OF,17,81
2013,PREMIER H S OF,17,27
2014,PREMIER H S OF,17,67
2015,PREMIER H S OF,17,65
2016,PREMIER H S OF,17,55
2017,PREMIER H S OF,17,74
2018,PREMIER H S OF,17,64
2019,PREMIER H S OF,17,75
2020,PREMIER H S OF,17,33
2021,PREMIER H S OF,17,38
2022,PREMIER H S OF,17,36
2023,PREMIER H S OF,17,54
2024,PREMIER H S OF,17,75
2025,PREMIER H S OF,17,43
2026,PREMIER H S OF,17,57
2027,PREMIER H S OF,17,80
2028,PREMIER H S OF,17,60
2029,PREMIER H S OF,17,36
2030,PREMIER H S OF,17,69
2031,PREMIER H S OF,35,60
2032,PREMIER H S OF,35,29
2033,PREMIER H S OF,35,46
2034,PREMIER H S OF,35,38
2035,PREMIER H S OF,35,75
2036,PREMIER H S OF,35,73
2037,PREMIER H S OF,35,60
2038,PREMIER H S OF,35,50
2039,PREMIER H S OF,35,29
2040,PREMIER H S OF,35,40
2041,PREMIER H S OF,35,59
2042,PREMIER H S OF,35,81
2043,PREMIER H S OF,35,27
2044,PREMIER H S OF,35,67
2045,PREMIER H S OF,35,65
2046,PREMIER H S OF,35,55
2047,PREMIER H S OF,35,74
2048,PREMIER H S OF,35,64
2049,PREMIER H S OF,35,75
2050,PREMIER H S OF,35,33
2051,PREMIER H S OF,35,38
2052,PREMIER H S OF,35,36
2053,PREMIER H S OF,35,54
2054,PREMIER H S OF,35,75
2055,PREMIER H S OF,35,43
2056,PREMIER H S OF,35,57
2057,PREMIER H S OF,35,80
2058,PREMIER H S OF,35,60
2059,PREMIER H S OF,35,36
2060,PREMIER H S OF,35,69
2061,PREMIER H S OF,43,60
2062,PREMIER H S OF,43,29
2063,PREMIER H S OF,43,46
2064,PREMIER H S OF,43,38
2065,PREMIER H S OF,43,75
2066,PREMIER H S OF,43,73
2067,PREMIER H S OF,43,60
2068,PREMIER H S OF,43,50
2069,PREMIER H S OF,43,29
2070,PREMIER H S OF,43,40
2071,PREMIER H S OF,43,59
2072,PREMIER H S OF,43,81
2073,PREMIER H S OF,43,27
2074,PREMIER H S OF,43,67
2075,PREMIER H S OF,43,65
2076,PREMIER H S OF,43,55
2077,PREMIER H S OF,43,74
2078,PREMIER H S OF,43,64
2079,PREMIER H S OF,43,75
2080,PREMIER H S OF,43,33
2081,PREMIER H S OF,43,38
2082,PREMIER H S OF,43,36
2083,PREMIER H S OF,43,54
2084,PREMIER H S OF,43,75
2085,PREMIER H S OF,43,43
2086,PREMIER H S OF,43,57
2087,PREMIER H S OF,43,80
2088,PREMIER H S OF,43,60
2089,PREMIER H S OF,43,36
2090,PREMIER H S OF,43,69
2091,PREMIER H S OF,29,60
2092,PREMIER H S OF,29,29
2093,PREMIER H S OF,29,46
2094,PREMIER H S OF,29,38
2095,PREMIER H S OF,29,75
2096,PREMIER H S OF,29,73
2097,PREMIER H S OF,29,60
2098,PREMIER H S OF,29,50
2099,PREMIER H S OF,29,29
2100,PREMIER H S OF,29,40
2101,PREMIER H S OF,29,59
2102,PREMIER H S OF,29,81
2103,PREMIER H S OF,29,27
2104,PREMIER H S OF,29,67
2105,PREMIER H S OF,29,65
2106,PREMIER H S OF,29,55
2107,PREMIER H S OF,29,74
2108,PREMIER H S OF,29,64
2109,PREMIER H S OF,29,75
2110,PREMIER H S OF,29,33
2111,PREMIER H S OF,29,38
2112,PREMIER H S OF,29,36
2113,PREMIER H S OF,29,54
2114,PREMIER H S OF,29,75
2115,PREMIER H S OF,29,43
2116,PREMIER H S OF,29,57
2117,PREMIER H S OF,29,80
2118,PREMIER H S OF,29,60
2119,PREMIER H S OF,29,36
2120,PREMIER H S OF,29,69
2121,PREMIER H S OF,67,60
2122,PREMIER H S OF,67,29
2123,PREMIER H S OF,67,46
2124,PREMIER H S OF,67,38
2125,PREMIER H S OF,67,75
2126,PREMIER H S OF,67,73
2127,PREMIER H S OF,67,60
2128,PREMIER H S OF,67,50
2129,PREMIER H S OF,67,29
2130,PREMIER H S OF,67,40
2131,PREMIER H S OF,67,59
2132,PREMIER H S OF,67,81
2133,PREMIER H S OF,67,27
2134,PREMIER H S OF,67,67
2135,PREMIER H S OF,67,65
2136,PREMIER H S OF,67,55
2137,PREMIER H S OF,67,74
2138,PREMIER H S OF,67,64
2139,PREMIER H S OF,67,75
2140,PREMIER H S OF,67,33
2141,PREMIER H S OF,67,38
2142,PREMIER H S OF,67,36
2143,PREMIER H S OF,67,54
2144,PREMIER H S OF,67,75
2145,PREMIER H S OF,67,43
2146,PREMIER H S OF,67,57
2147,PREMIER H S OF,67,80
2148,PREMIER H S OF,67,60
2149,PREMIER H S OF,67,36
2150,PREMIER H S OF,67,69
2151,PREMIER H S OF,38,60
2152,PREMIER H S OF,38,29
2153,PREMIER H S OF,38,46
2154,PREMIER H S OF,38,38
2155,PREMIER H S OF,38,75
2156,PREMIER H S OF,38,73
2157,PREMIER H S OF,38,60
2158,PREMIER H S OF,38,50
2159,PREMIER H S OF,38,29
2160,PREMIER H S OF,38,40
2161,PREMIER H S OF,38,59
2162,PREMIER H S OF,38,81
2163,PREMIER H S OF,38,27
2164,PREMIER H S OF,38,67
2165,PREMIER H S OF,38,65
2166,PREMIER H S OF,38,55
2167,PREMIER H S OF,38,74
2168,PREMIER H S OF,38,64
2169,PREMIER H S OF,38,75
2170,PREMIER H S OF,38,33
2171,PREMIER H S OF,38,38
2172,PREMIER H S OF,38,36
2173,PREMIER H S OF,38,54
2174,PREMIER H S OF,38,75
2175,PREMIER H S OF,38,43
2176,PREMIER H S OF,38,57
2177,PREMIER H S OF,38,80
2178,PREMIER H S OF,38,60
2179,PREMIER H S OF,38,36
2180,PREMIER H S OF,38,69
2181,PREMIER H S OF,71,60
2182,PREMIER H S OF,71,29
2183,PREMIER H S OF,71,46
2184,PREMIER H S OF,71,38
2185,PREMIER H S OF,71,75
2186,PREMIER H S OF,71,73
2187,PREMIER H S OF,71,60
2188,PREMIER H S OF,71,50
2189,PREMIER H S OF,71,29
2190,PREMIER H S OF,71,40
2191,PREMIER H S OF,71,59
2192,PREMIER H S OF,71,81
2193,PREMIER H S OF,71,27
2194,PREMIER H S OF,71,67
2195,PREMIER H S OF,71,65
2196,PREMIER H S OF,71,55
2197,PREMIER H S OF,71,74
2198,PREMIER H S OF,71,64
2199,PREMIER H S OF,71,75
2200,PREMIER H S OF,71,33
2201,PREMIER H S OF,71,38
2202,PREMIER H S OF,71,36
2203,PREMIER H S OF,71,54
2204,PREMIER H S OF,71,75
2205,PREMIER H S OF,71,43
2206,PREMIER H S OF,71,57
2207,PREMIER H S OF,71,80
2208,PREMIER H S OF,71,60
2209,PREMIER H S OF,71,36
2210,PREMIER H S OF,71,69
2211,PREMIER H S OF,85,60
2212,PREMIER H S OF,85,29
2213,PREMIER H S OF,85,46
2214,PREMIER H S OF,85,38
2215,PREMIER H S OF,85,75
2216,PREMIER H S OF,85,73
2217,PREMIER H S OF,85,60
2218,PREMIER H S OF,85,50
2219,PREMIER H S OF,85,29
2220,PREMIER H S OF,85,40
2221,PREMIER H S OF,85,59
2222,PREMIER H S OF,85,81
2223,PREMIER H S OF,85,27
2224,PREMIER H S OF,85,67
2225,PREMIER H S OF,85,65
2226,PREMIER H S OF,85,55
2227,PREMIER H S OF,85,74
2228,PREMIER H S OF,85,64
2229,PREMIER H S OF,85,75
2230,PREMIER H S OF,85,33
2231,PREMIER H S OF,85,38
2232,PREMIER H S OF,85,36
2233,PREMIER H S OF,85,54
2234,PREMIER H S OF,85,75
2235,PREMIER H S OF,85,43
2236,PREMIER H S OF,85,57
2237,PREMIER H S OF,85,80
2238,PREMIER H S OF,85,60
2239,PREMIER H S OF,85,36
2240,PREMIER H S OF,85,69
2241,PREMIER H S OF,67,60
2242,PREMIER H S OF,67,29
2243,PREMIER H S OF,67,46
2244,PREMIER H S OF,67,38
2245,PREMIER H S OF,67,75
2246,PREMIER H S OF,67,73
2247,PREMIER H S OF,67,60
2248,PREMIER H S OF,67,50
2249,PREMIER H S OF,67,29
2250,PREMIER H S OF,67,40
2251,PREMIER H S OF,67,59
2252,PREMIER H S OF,67,81
2253,PREMIER H S OF,67,27
2254,PREMIER H S OF,67,67
2255,PREMIER H S OF,67,65
2256,PREMIER H S OF,67,55
2257,PREMIER H S OF,67,74
2258,PREMIER H S OF,67,64
2259,PREMIER H S OF,67,75
2260,PREMIER H S OF,67,33
2261,PREMIER H S OF,67,38
2262,PREMIER H S OF,67,36
2263,PREMIER H S OF,67,54
2264,PREMIER H S OF,67,75
2265,PREMIER H S OF,67,43
2266,PREMIER H S OF,67,57
2267,PREMIER H S OF,67,80
2268,PREMIER H S OF,67,60
2269,PREMIER H S OF,67,36
2270,PREMIER H S OF,67,69
2271,PREMIER H S OF,35,60
2272,PREMIER H S OF,35,29
2273,PREMIER H S OF,35,46
2274,PREMIER H S OF,35,38
2275,PREMIER H S OF,35,75
2276,PREMIER H S OF,35,73
2277,PREMIER H S OF,35,60
2278,PREMIER H S OF,35,50
2279,PREMIER H S OF,35,29
2280,PREMIER H S OF,35,40
2281,PREMIER H S OF,35,59
2282,PREMIER H S OF,35,81
2283,PREMIER H S OF,35,27
2284,PREMIER H S OF,35,67
2285,PREMIER H S OF,35,65
2286,PREMIER H S OF,35,55
2287,PREMIER H S OF,35,74
2288,PREMIER H S OF,35,64
2289,PREMIER H S OF,35,75
2290,PREMIER H S OF,35,33
2291,PREMIER H S OF,35,38
2292,PREMIER H S OF,35,36
2293,PREMIER H S OF,35,54
2294,PREMIER H S OF,35,75
2295,PREMIER H S OF,35,43
2296,PREMIER H S OF,35,57
2297,PREMIER H S OF,35,80
2298,PREMIER H S OF,35,60
2299,PREMIER H S OF,35,36
2300,PREMIER H S OF,35,69
2301,PREMIER H S OF,31,60
2302,PREMIER H S OF,31,29
2303,PREMIER H S OF,31,46
2304,PREMIER H S OF,31,38
2305,PREMIER H S OF,31,75
2306,PREMIER H S OF,31,73
2307,PREMIER H S OF,31,60
2308,PREMIER H S OF,31,50
2309,PREMIER H S OF,31,29
2310,PREMIER H S OF,31,40
2311,PREMIER H S OF,31,59
2312,PREMIER H S OF,31,81
2313,PREMIER H S OF,31,27
2314,PREMIER H S OF,31,67
2315,PREMIER H S OF,31,65
2316,PREMIER H S OF,31,55
2317,PREMIER H S OF,31,74
2318,PREMIER H S OF,31,64
2319,PREMIER H S OF,31,75
2320,PREMIER H S OF,31,33
2321,PREMIER H S OF,31,38
2322,PREMIER H S OF,31,36
2323,PREMIER H S OF,31,54
2324,PREMIER H S OF,31,75
2325,PREMIER H S OF,31,43
2326,PREMIER H S OF,31,57
2327,PREMIER H S OF,31,80
2328,PREMIER H S OF,31,60
2329,PREMIER H S OF,31,36
2330,PREMIER H S OF,31,69
2331,PREMIER H S AME,75,56
2332,TEXAS VIRTUAL A,51,31
2333,PREMIER HIGH SC,80,62
2334,HUSTON ACADEMY,64,48
2335,SHORELINE ACADE,83,54
2336,DUBLIN H S,40,31
2337,STEPHENVILLE H,28,26
2338,HUCKABAY SCHOOL,33,19
2339,LINGLEVILLE SCH,30,26
2340,CHILTON SCHOOL,69,65
2341,MARLIN H S,64,68
2342,SUCCESS ACADEMY,100,92
2343,ROSEBUD-LOTT H,49,38
2344,BONHAM H S,51,48
2345,DODD CITY SCHOO,28,8
2346,ECTOR H S,27,33
2347,HONEY GROVE H S,28,35
2348,LEONARD H S,47,33
2349,SAVOY H S,21,19
2350,TRENTON H S,31,21
2351,RAYBURN H S,29,28
2352,FLATONIA SECOND,30,25
2354,LA GRANGE H S,33,28
2355,SCHULENBURG SEC,35,45
2356,FAYETTEVILLE SC,9,17
2357,ROUND TOP-CARMI,28,25
2358,ROBY H S,19,20
2359,ROTAN H S,54,26
2360,FLOYDADA H S,47,45
2362,LOCKNEY H S,58,42
2363,CROWELL SCHOOL,45,47
2364,LAMAR CONS H S,44,41
2365,B F TERRY H S,46,38
2366,FOSTER H S,21,18
2367,GEORGE RANCH H,15,14
2368,FULSHEAR H S,23,22
2369,NEEDVILLE H S,28,25
2370,DULLES H S,20,21
2371,WILLOWRIDGE H S,54,49
2372,CLEMENTS H S,8,10
2373,KEMPNER H S,30,26
2374,LAWRENCE E ELKI,19,22
2375,STEPHEN F AUSTI,15,16
2376,HIGHTOWER H S,41,38
2377,GEORGE BUSH H S,39,35
2378,THURGOOD MARSHA,54,51
2379,RIDGE POINT H S,20,16
2380,STAFFORD H S,39,43
2381,MT VERNON H S,37,25
2382,FAIRFIELD H S,7,12
2383,TEAGUE H S,31,34
2385,WORTHAM H S,31,40
2387,DILLEY H S,58,48
2388,PEARSALL H S,63,60
2389,SEAGRAVES SCHOO,63,58
2390,LOOP SCHOOL,17,44
2391,SEMINOLE H S,41,40
2393,ODYSSEY ACADEMY,14,16
2394,ODYSSEY ACADEMY,14,25
2395,ODYSSEY ACADEMY,48,16
2396,ODYSSEY ACADEMY,48,25
2397,DICKINSON H S,44,41
2401,BALL H S,48,45
2402,AIM COLLEGE & C,72,80
2403,HIGH ISLAND SCH,35,37
2404,TEXAS CITY H S,51,54
2405,LA MARQUE H S,74,63
2406,HITCHCOCK H S,60,62
2407,SANTA FE H S,44,39
2408,CLEAR CREEK H S,33,31
2409,CLEAR LAKE H S,21,19
2410,CLEAR BROOK H S,27,24
2411,CLEAR VIEW H S,51,33
2412,CLEAR SPRINGS H,19,20
2413,CLEAR HORIZONS,7,3
2414,CLEAR FALLS H S,19,15
2415,FRIENDSWOOD H S,14,14
2416,POST H S,51,40
2417,GARZA COUNTY RE,92,62
2418,SOUTHLAND SCHOO,63,62
2419,FREDERICKSBURG,39,43
2421,HARPER H S,19,25
2422,GARDEN CITY H S,17,12
2423,GOLIAD H S,44,37
2424,GONZALES H S,55,53
2426,NIXON-SMILEY H,43,43
2427,WAELDER SCHOOL,61,65
2428,LEFORS SCHOOL,32,46
2429,MCLEAN SCHOOL,35,27
2430,PAMPA H S,54,55
2431,P L C-PAMPA LEA,71,67
2432,BELLS H S,27,21
2433,COLLINSVILLE H,31,43
2434,DENISON H S,44,44
2436,HOWE H S,20,17
2437,SHERMAN H S,44,36
2438,COOKE/FANNIN/GR,57,63
2440,PERRIN LEARNING,86,71
2441,TIOGA SCHOOL,16,27
2442,VAN ALSTYNE H S,12,5
2443,WHITESBORO H S,31,29
2444,WHITEWRIGHT H S,23,20
2445,POTTSBORO H S,22,15
2446,S AND S CONS H,54,37
2447,GUNTER H S,21,14
2448,TOM BEAN H S,40,30
2449,DAN CHADWICK CA,61,49
2450,GLADEWATER H S,57,41
2451,KILGORE H S,42,41
2452,LONGVIEW H S,34,26
2453,LEAD ACADEMY H,69,72
2454,PINE TREE H S,43,42
2455,EXCEL H S OF CH,68,60
2456,SABINE H S,25,26
2457,SPRING HILL H S,15,22
2458,WHITE OAK H S,13,14
2459,ANDERSON-SHIRO,40,31
2461,IOLA H S,14,11
2462,NAVASOTA H S,54,41
2463,W B BIZZELL ACA,75,85
2464,RICHARDS H S,57,31
2465,SEGUIN H S,53,48
2466,SEGUIN H S,53,42
2467,SEGUIN H S,37,48
2468,SEGUIN H S,37,42
2469,MERCER & BLUMBE,69,86
2470,SAMUEL CLEMENS,29,26
2471,ALLISON L STEEL,88,75
2472,BYRON P STEELE,19,22
2473,NAVARRO H S,28,25
2474,MARION H S,33,31
2475,ABERNATHY H S,18,20
2476,COTTON CENTER S,13,21
2477,HALE CENTER H S,37,24
2478,PETERSBURG SCHO,33,52
2479,PLAINVIEW H S,39,40
2480,ASH H S,93,83
2482,MEMPHIS H S,42,43
2483,VALLEY SCHOOL,40,21
2484,HAMILTON H S,45,35
2485,HICO H S,24,40
2486,GRUVER H S,21,32
2487,SPEARMAN H S,27,25
2488,CHILLICOTHE H S,45,38
2489,QUANAH H S,27,32
2490,KOUNTZE H S,40,36
2491,SILSBEE H S,44,38
2492,HARDIN-JEFFERSO,20,21
2493,LUMBERTON H S,27,26
2494,WEST HARDIN H S,42,32
2495,ARISTOI CLASSIC,11,4
2497,GEORGE I SANCHE,83,80
2498,RAUL YZAGUIRRE,46,26
2500,HARRIS COUNTY J,87,88
2501,BURNETT-BAYLAND,85,85
2502,HARRIS COUNTY Y,71,75
2503,LEADERSHIP ACAD,80,63
2504,LEADERSHIP ACAD,80,96
2505,LEADERSHIP ACAD,100,63
2506,LEADERSHIP ACAD,100,96
2508,KIPP HOUSTON H,22,13
2509,KIPP GENERATION,35,28
2510,KIPP NORTHEAST,44,31
2511,KIPP SUNNYSIDE,41,40
2512,HOUSTON HEIGHTS,67,57
2513,HOUSTON GATEWAY,14,14
2514,CALVIN NELMS H,16,13
2515,PHOENIX SCHOOL,79,52
2516,COMQUEST ACADEM,61,43
2517,YES PREP - SOUT,12,13
2518,YES PREP - SOUT,12,20
2519,YES PREP - SOUT,22,13
2520,YES PREP - SOUT,22,20
2521,YES PREP - EAST,26,17
2522,YES PREP - GULF,49,19
2523,YES PREP - WEST,19,16
2524,YES PREP - BRAY,40,17
2525,YES PREP - NORT,38,26
2526,YES PREP - NORT,38,11
2527,YES PREP - NORT,18,26
2528,YES PREP - NORT,18,11
2529,YES PREP - 5TH,35,19
2530,YES PREP NORTH,42,35
2531,GLOBAL LEARNING,90,87
2532,PRO-VISION H S,84,84
2533,C O R E ACADEMY,78,63
2534,ALDINE H S,85,58
2535,CARVER H S FOR,44,41
2536,EISENHOWER H S,62,57
2537,VICTORY EARLY C,2,2
2538,DAVIS H S ALDIN,82,55
2539,HALL CENTER FOR,88,84
2543,HASTINGS H S,58,52
2544,ELSIK H S,53,55
2545,TAYLOR H S,57,54
2546,TAYLOR H S,57,14
2547,TAYLOR H S,57,40
2548,TAYLOR H S,15,54
2549,TAYLOR H S,15,14
2550,TAYLOR H S,15,40
2551,TAYLOR H S,44,54
2552,TAYLOR H S,44,14
2553,TAYLOR H S,44,40
2554,KERR H S,2,2
2555,ALIEF EARLY COL,2,3
2556,CHANNELVIEW H S,43,41
2557,ENDEAVOR HS-JOE,81,83
2558,CROSBY H S,45,48
2559,CROSBY CROSSROA,100,100
2560,CY-FAIR HIGH SC,18,22
2561,JERSEY VILLAGE,29,31
2562,CYPRESS CREEK H,31,29
2563,LANGHAM CREEK H,23,22
2564,CYPRESS FALLS H,29,28
2565,CYPRESS SPRINGS,35,33
2566,CYPRESS RIDGE H,36,33
2567,CYPRESS WOODS H,13,11
2568,CYPRESS RANCH H,9,10
2569,CYPRESS LAKES H,33,33
2570,DEER PARK HS,32,30
2571,GALENA PARK H S,45,47
2572,NORTH SHORE SEN,41,44
2573,STERLING H S,46,44
2574,STERLING H S,46,71
2575,STERLING H S,69,44
2576,STERLING H S,69,71
2577,PETER E HYLAND,86,81
2578,GOOSE CREEK MEM,46,39
2579,IMPACT EARLY CO,1,10
2580,BELLAIRE H S,37,31
2581,NORTHSIDE H S,62,63
2582,FURR H S,58,61
2583,JONES FUTURES A,31,20
2584,KASHMERE H S,78,69
2585,LAMAR H S,28,29
2586,LAMAR H S,28,46
2587,LAMAR H S,51,29
2588,LAMAR H S,51,46
2589,WISDOM H S,83,81
2590,MILBY H S,58,59
2591,HEIGHTS H S,37,39
2592,COMMUNITY SERVI,93,100
2593,WALTRIP H S,51,48
2594,WASHINGTON B T,69,70
2595,WESTBURY H S,67,65
2596,WHEATLEY H S,71,68
2597,WORTHING H S,78,76
2598,YATES H S,74,67
2599,SHARPSTOWN H S,74,72
2600,SCARBOROUGH H S,62,60
2601,PERFOR & VIS AR,1,1
2602,DEBAKEY H S FOR,0,0
2603,CHAVEZ H S,52,54
2604,JORDAN H S,67,100
2605,H S FOR LAW AND,15,7
2606,WESTSIDE H S,31,27
2607,LONG ACADEMY,13,16
2608,SHARPSTOWN INTE,8,9
2610,TEXAS CONNECTIO,34,28
2611,EASTWOOD ACADEM,0,4
2612,NORTH HOUSTON E,3,6
2613,HOUSTON MATH SC,73,67
2614,MOUNT CARMEL AC,25,16
2615,ENERGIZED FOR S,44,33
2616,ENERGIZED FOR S,44,19
2617,ENERGIZED FOR S,0,33
2618,ENERGIZED FOR S,0,19
2619,ENERGIZED FOR S,43,33
2620,ENERGIZED FOR S,43,19
2621,CARNEGIE VANGUA,0,0
2622,CHALLENGE EARLY,1,1
2623,EAST EARLY COLL,1,2
2624,HOUSTON ACADEMY,5,5
2625,REACH CHARTER,95,94
2626,MICKEY LELAND C,8,6
2627,ADVANCED VIRTUA,88,97
2628,YOUNG WOMEN'S C,3,6
2629,ENERGY INSTITUT,19,18
2630,NORTH FOREST H,78,83
2631,MIDDLE COLLEGE,89,86
2632,MIDDLE COLLEGE,89,38
2633,MIDDLE COLLEGE,44,86
2634,MIDDLE COLLEGE,44,38
2635,SOUTH EARLY COL,23,17
2636,VICTORY PREPARA,52,47
2637,VICTORY PREPARA,52,70
2638,VICTORY PREPARA,66,47
2639,VICTORY PREPARA,66,70
2640,HUMBLE H S,51,51
2641,KINGWOOD H S,11,9
2642,QUEST EARLY COL,4,3
2643,ATASCOCITA H S,27,28
2644,KINGWOOD PARK H,18,15
2645,SUMMER CREEK H,41,41
2646,KATY H S,17,21
2647,MAYDE CREEK H S,28,30
2648,CINCO RANCH H S,11,11
2649,MORTON RANCH H,38,33
2650,SEVEN LAKES H S,6,6
2651,RAINES H S,64,53
2652,TOMPKINS H S,7,8
2653,KLEIN H S,26,21
2654,KLEIN FOREST H,49,47
2655,KLEIN OAK H S,24,24
2656,KLEIN COLLINS H,28,23
2657,LA PORTE H S,41,35
2658,VIOLA DEWALT H,78,52
2659,PASADENA HIGH S,50,51
2660,SAM RAYBURN H S,58,54
2661,SOUTH HOUSTON H,57,52
2662,DOBIE H S,44,40
2663,PASADENA MEMORI,41,38
2664,SPRING H S,60,49
2665,WESTFIELD H S,69,61
2666,ANDY DEKANEY H,79,70
2667,CARL WUNSCHE SR,39,23
2668,SPRING EARLY CO,4,5
2669,SPRING WOODS H,59,54
2670,NORTHBROOK H S,62,59
2671,STRATFORD H S,30,26
2672,STRATFORD H S,30,38
2673,STRATFORD H S,34,26
2674,STRATFORD H S,34,38
2675,WESTCHESTER ACA,15,9
2676,ACADEMY OF CHOI,66,78
2677,TOMBALL H S,21,24
2678,TOMBALL MEMORIA,11,15
2679,C E KING H S,55,53
2680,KASE ACADEMY,78,46
2681,HARGRAVE H S,30,25
2682,WASKOM H S,56,51
2683,HALLSVILLE H S,25,24
2684,HARLETON H S,21,22
2685,ELYSIAN FIELDS,24,24
2686,CHANNING SCHOOL,78,33
2687,HARTLEY SCHOOL,33,7
2688,HASKELL H S,32,37
2689,RULE SCHOOL,27,13
2690,PAINT CREEK SCH,22,33
2691,KATHERINE ANNE,59,45
2692,KI CHARTER ACAD,76,86
2693,SAN MARCOS H S,49,49
2694,DRIPPING SPRING,10,15
2695,WIMBERLEY H S,22,20
2696,JACK C HAYS H S,34,27
2698,LIVE OAK ACADEM,73,53
2699,LEHMAN H S,50,43
2700,CANADIAN H S,21,27
2701,ATHENS H S,34,46
2702,BROWNSBORO H S,32,31
2703,CROSS ROADS H S,17,27
2704,EUSTACE H S,29,15
2705,MALAKOFF H S,41,46
2706,TRINIDAD SCHOOL,56,33
2707,LAPOYNOR H S,23,31
2708,MIDVALLEY ACADE,87,80
2709,MIDVALLEY ACADE,87,75
2710,MIDVALLEY ACADE,87,81
2711,MIDVALLEY ACADE,87,80
2712,MIDVALLEY ACADE,87,75
2713,MIDVALLEY ACADE,87,81
2714,MIDVALLEY ACADE,86,80
2715,MIDVALLEY ACADE,86,75
2716,MIDVALLEY ACADE,86,81
2717,IDEA COLLEGE PR,31,17
2718,IDEA COLLEGE PR,31,21
2719,IDEA COLLEGE PR,31,15
2720,IDEA COLLEGE PR,31,16
2721,IDEA COLLEGE PR,31,24
2722,IDEA COLLEGE PR,31,10
2723,IDEA COLLEGE PR,31,26
2724,IDEA COLLEGE PR,25,17
2725,IDEA COLLEGE PR,25,21
2726,IDEA COLLEGE PR,25,15
2727,IDEA COLLEGE PR,25,16
2728,IDEA COLLEGE PR,25,24
2729,IDEA COLLEGE PR,25,10
2730,IDEA COLLEGE PR,25,26
2731,IDEA COLLEGE PR,24,17
2732,IDEA COLLEGE PR,24,21
2733,IDEA COLLEGE PR,24,15
2734,IDEA COLLEGE PR,24,16
2735,IDEA COLLEGE PR,24,24
2736,IDEA COLLEGE PR,24,10
2737,IDEA COLLEGE PR,24,26
2738,IDEA COLLEGE PR,31,17
2739,IDEA COLLEGE PR,31,21
2740,IDEA COLLEGE PR,31,15
2741,IDEA COLLEGE PR,31,16
2742,IDEA COLLEGE PR,31,24
2743,IDEA COLLEGE PR,31,10
2744,IDEA COLLEGE PR,31,26
2745,IDEA COLLEGE PR,29,17
2746,IDEA COLLEGE PR,29,21
2747,IDEA COLLEGE PR,29,15
2748,IDEA COLLEGE PR,29,16
2749,IDEA COLLEGE PR,29,24
2750,IDEA COLLEGE PR,29,10
2751,IDEA COLLEGE PR,29,26
2752,IDEA COLLEGE PR,24,17
2753,IDEA COLLEGE PR,24,21
2754,IDEA COLLEGE PR,24,15
2755,IDEA COLLEGE PR,24,16
2756,IDEA COLLEGE PR,24,24
2757,IDEA COLLEGE PR,24,10
2758,IDEA COLLEGE PR,24,26
2759,IDEA COLLEGE PR,30,17
2760,IDEA COLLEGE PR,30,21
2761,IDEA COLLEGE PR,30,15
2762,IDEA COLLEGE PR,30,16
2763,IDEA COLLEGE PR,30,24
2764,IDEA COLLEGE PR,30,10
2765,IDEA COLLEGE PR,30,26
2766,IDEA QUEST COLL,16,5
2767,IDEA FRONTIER C,17,7
2768,IDEA EDINBURG C,23,14
2769,IDEA MCALLEN CO,8,4
2770,IDEA BROWNSVILL,16,15
2771,IDEA TOROS COLL,47,24
2772,IDEA CARVER COL,18,20
2773,IDEA ALLAN COLL,29,20
2774,VANGUARD REMBRA,16,15
2775,DONNA H S,57,57
2776,3D ACADEMY,90,94
2777,DONNA NORTH H S,63,61
2778,EDCOUCH-ELSA H,52,49
2779,EDCOUCH-ELSA H,52,86
2780,EDCOUCH-ELSA H,87,49
2781,EDCOUCH-ELSA H,87,86
2782,EDINBURG H S,55,42
2783,ECONOMEDES H S,64,48
2784,EDINBURG NORTH,57,40
2785,ROBERT R VELA H,43,28
2786,HIDALGO EARLY C,58,65
2787,HIDALGO ACADEMY,78,86
2788,MCALLEN H S,42,37
2789,ROWE H S,46,44
2790,LAMAR ACADEMY,31,39
2791,ACHIEVE EARLY C,8,4
2792,MERCEDES H S,59,52
2793,MERCEDES ACADEM,88,89
2795,MERCEDES EARLY,9,7
2796,MISSION H S,64,52
2797,MISSION COLLEGI,9,11
2798,PSJA EARLY COLL,53,55
2799,PSJA MEMORIAL E,55,49
2800,PSJA NORTH EARL,54,49
2801,PSJA SONIA M SO,61,65
2802,ELVIS J BALLEW,90,96
2803,PSJA SOUTHWEST,69,61
2804,PSJA THOMAS JEF,17,15
2806,PROGRESO H S,61,63
2807,SHARYLAND H S,20,37
2811,HIDALGO COUNTY,81,100
2812,SHARYLAND PIONE,31,41
2813,SHARYLAND ADVAN,9,10
2814,LA JOYA H S,64,56
2815,JUAREZ-LINCOLN,73,70
2816,LA JOYA PALMVIE,63,63
2817,JIMMY CARTER EA,8,7
2818,THELMA ROSA SAL,16,12
2819,WESLACO H S,58,39
2820,SOUTH PALM GARD,67,67
2821,WESLACO EAST H,62,45
2822,HORTON DISCIPLI,88,93
2823,WESLACO 21ST CE,45,49
2824,LA VILLA EARLY,59,59
2825,MONTE ALTO H S,71,60
2826,VALLEY VIEW EAR,32,5
2827,ABBOTT SCHOOL,29,22
2828,BYNUM SCHOOL,30,31
2829,COVINGTON SCHOO,40,28
2830,HILLSBORO H S,49,33
2832,HUBBARD H S,48,46
2833,ITASCA H S,28,28
2834,MOUNT CALM H S,45,43
2835,WHITNEY H S,35,38
2836,AQUILLA SCHOOL,22,19
2837,BLUM H S,33,38
2838,PENELOPE SCHOOL,63,36
2839,ANTON SCHOOL,65,48
2840,LEVELLAND H S,37,38
2841,ROPES SCHOOL,27,20
2842,SMYER H S,35,27
2843,SUNDOWN H S,6,4
2845,WHITHARRAL SCHO,23,0
2846,GRANBURY H S,47,30
2848,LIPAN H S,29,10
2849,TOLAR H S,21,26
2850,SULPHUR SPRINGS,37,34
2851,CUMBY H S,52,29
2852,NORTH HOPKINS H,41,32
2853,MILLER GROVE SC,33,32
2854,COMO-PICKTON SC,30,30
2855,SALTILLO SCHOOL,28,12
2856,SULPHUR BLUFF I,43,44
2857,CROCKETT H S,47,44
2858,CROCKETT H S,47,45
2859,CROCKETT H S,51,44
2860,CROCKETT H S,51,45
2861,PINEYWOODS AEC,83,92
2863,GRAPELAND H S,51,20
2864,LOVELADY J H H,18,26
2865,LATEXO H S,26,31
2866,KENNARD H S,44,19
2867,BIG SPRING H S,63,56
2869,COAHOMA H S,40,42
2870,FORSAN H S,18,6
2871,FORT HANCOCK H,51,54
2872,SIERRA BLANCA S,40,15
2873,DELL CITY SCHOO,91,60
2874,CADDO MILLS H S,22,24
2875,CELESTE H S,41,30
2876,COMMERCE H S,42,46
2877,NEW HORIZONS LE,74,64
2878,GREENVILLE H S,44,35
2879,LONE OAK H S,36,24
2880,WH FORD H S,59,57
2881,WOLFE CITY H S,28,14
2882,CAMPBELL H S,46,48
2883,BLAND H S,33,37
2884,BOLES H S,28,28
2885,BORGER H S,42,40
2886,SANFORD-FRITCH,37,32
2887,WEST TEXAS H S,41,44
2888,IRION H S,25,7
2889,BRYSON SCHOOL,48,48
2890,JACKSBORO H S,36,42
2891,PERRIN H S,26,28
2892,EDNA H S,46,48
2894,GANADO H S,58,40
2895,INDUSTRIAL H S,21,16
2896,BROOKELAND H S,11,16
2897,BUNA H S,44,33
2898,KIRBYVILLE H S,36,37
2899,EVADALE H S,18,45
2900,FT DAVIS SCHOOL,43,67
2901,TEKOA ACADEMY O,52,39
2902,BOB HOPE SCHOOL,28,33
2903,NEDERLAND H S,24,29
2906,PORT NECHES-GRO,27,32
2907,CENTRAL SENIOR,69,62
2908,OZEN H S,62,53
2910,WEST BROOK SR H,42,36
2911,PAUL A BROWN AL,73,80
2912,SABINE PASS SCH,13,5
2913,HAMSHIRE-FANNET,29,24
2914,HEBBRONVILLE EA,50,42
2915,ALICE H S,57,53
2916,BEN BOLT-PAL BL,56,46
2917,ORANGE GROVE H,38,32
2918,PREMONT H S,52,65
2919,KAUFFMAN LEADER,50,60
2920,ALVARADO H S,40,37
2921,BURLESON H S,29,28
2923,BURLESON CENTEN,28,26
2925,CLEBURNE H S,50,48
2926,TEAM SCH,86,71
2927,GRANDVIEW H S,26,14
2928,JOSHUA H S,87,31
2929,NEW HORIZON H S,44,50
2931,KEENE H S,28,41
2932,RIO VISTA H S,36,33
2933,VENUS H S,38,43
2934,GODLEY H S,43,39
2935,ANSON H S,38,38
2936,HAMLIN H S,67,44
2937,HAWLEY H S,30,27
2938,LUEDERS-AVOCA H,69,42
2939,STAMFORD H S,34,48
2940,KARNES CITY H S,36,37
2941,KENEDY H S,72,71
2942,RUNGE H S,47,34
2943,FALLS CITY H S,7,4
2944,CRANDALL H S,33,36
2945,CRANDALL COMPAS,88,92
2946,FORNEY H S,19,16
2947,NORTH FORNEY H,23,22
2948,KAUFMAN H S,47,42
2949,GARY W CAMPBELL,50,36
2950,KEMP H S,52,35
2951,MABANK H S,30,35
2952,TERRELL H S,47,39
2954,TISD CHILD & AD,88,71
2955,SCURRY-ROSSER H,36,29
2956,MEADOWLAND CHAR,71,80
2957,BOERNE H S,17,16
2958,BOERNE - SAMUEL,13,10
2959,COMFORT H S,41,42
2960,JAYTON SCHOOLS,11,0
2961,CENTER POINT H,35,26
2962,TIVY H S,31,26
2963,HILL COUNTRY H,83,50
2965,INGRAM TOM MOOR,48,35
2966,JUNCTION H S,43,42
2967,GUTHRIE SCHOOL,22,11
2968,BRACKETT H S,10,16
2969,H M KING H S,59,59
2971,KAUFER H S,41,34
2972,SANTA GERTRUDIS,19,13
2973,KNOX CITY H S,52,38
2974,MUNDAY SECONDAR,38,38
2975,BENJAMIN SCHOOL,50,14
2976,CHISUM H S,28,38
2977,ROXTON ISD,9,44
2978,PARIS H S,48,41
2979,TRAVIS H S OF C,80,56
2980,NORTH LAMAR H S,39,32
2981,PRAIRILAND H S,36,28
2982,AMHERST SCHOOL,38,33
2983,LITTLEFIELD H S,52,45
2984,OLTON H S,36,40
2985,SPRINGLAKE-EART,61,50
2986,SUDAN H S,18,33
2988,LAMPASAS H S,29,25
2989,LOMETA SCHOOL,54,48
2990,COTULLA H S,58,52
2991,HALLETTSVILLE H,22,23
2992,MOULTON H S,12,13
2993,SHINER H S,18,8
2994,GIDDINGS H S,35,30
2995,LEXINGTON H S,26,21
2996,DIME BOX SCHOOL,63,52
2997,BUFFALO H S,41,36
2998,CENTERVILLE JR-,34,25
2999,NORMANGEE H S,35,38
3000,OAKWOOD H S,36,43
3001,LEON H S,33,46
3002,CLEVELAND H S,59,53
3003,FREDERICK A DOU,85,79
3004,DAYTON H S,45,45
3006,HARDIN H S,37,40
3007,HULL-DAISETTA H,42,54
3008,TARKINGTON H S,27,33
3009,COOLIDGE H S,55,42
3010,GROESBECK H S,42,48
3011,MEXIA H S,38,46
3013,BOOKER JH/H S,31,38
3014,FOLLETT SCHOOL,25,13
3015,HIGGINS SCHOOL,40,43
3016,DARROUZETT SCHO,38,60
3017,GEORGE WEST H S,30,33
3018,THREE RIVERS JR,51,40
3019,LLANO H S,41,29
3020,TEXAS TECH H S,0,8
3021,SOUTH PLAINS AC,79,76
3022,MATTHEWS LEARNI,76,78
3023,LUBBOCK CO JUVE,89,79
3024,ESTACADO H S,73,75
3025,LUBBOCK H S,37,31
3026,MONTEREY H S,47,45
3027,TALKINGTON SCHO,0,2
3028,NEW DEAL H S,38,34
3029,SLATON H S,45,48
3030,LUBBOCK-COOPER,19,19
3036,FRENSHIP H S,29,23
3037,REESE EDUCATION,92,40
3038,SHALLOWATER H S,31,16
3039,IDALOU H S,20,19
3040,O'DONNELL SCHOO,55,32
3041,TAHOKA H S,53,36
3042,NEW HOME SCHOOL,23,28
3043,WILSON SCHOOL,71,73
3044,MADISONVILLE H,34,37
3045,NORTH ZULCH ELE,60,44
3046,STANTON H S,47,33
3047,GRADY SCHOOL,22,14
3048,MASON H S,21,15
3049,BAY CITY H S,65,57
3050,TIDEHAVEN H S,33,36
3051,PALACIOS H S,37,36
3052,VAN VLECK H S,44,52
3053,EAGLE PASS HIGH,34,32
3054,C C WINN HIGH S,43,43
3055,BRADY H S,43,39
3056,ROCHELLE SCHOOL,38,40
3057,LOHN SCHOOL,71,80
3058,PAUL AND JANE M,29,12
3059,CRAWFORD H S,10,5
3060,MIDWAY H S,22,18
3061,LA VEGA H S,63,57
3066,LORENA HIGH,19,18
3067,MART H S,44,44
3068,MCGREGOR H S,42,34
3069,MOODY H S,44,44
3070,MOODY H S,44,54
3071,MOODY H S,52,44
3072,MOODY H S,52,54
3073,RIESEL SCHOOL,42,36
3074,WACO H S,59,58
3075,UNIVERSITY H S,59,50
3081,WEST H S,26,25
3082,WEST BROOKHAVEN,86,55
3083,AXTELL H S,36,24
3084,WACO CTR FOR YO,63,77
3085,BRUCEVILLE-EDDY,35,34
3087,CHINA SPRING H,17,23
3089,CONNALLY HIGH S,47,44
3090,ROBINSON H S,34,26
3091,BOSQUEVILLE H S,26,26
3092,GHOLSON SCHOOL,56,33
3093,MCMULLEN COUNTY,20,12
3094,DEVINE H S,40,36
3095,D'HANIS SCHOOL,45,32
3096,NATALIA H S,40,45
3097,HONDO H S,47,43
3098,MEDINA VALLEY H,32,26
3099,MENARD H S,46,34
3100,MIDLAND H S,90,49
3101,VIOLA M COLEMAN,81,82
3103,GREENWOOD H S,36,30
3104,CAMERON YOE H S,44,41
3105,MILANO H S,52,42
3106,ROCKDALE H S,43,41
3107,THORNDALE H S,38,40
3108,BUCKHOLTS SCHOO,25,67
3109,GOLDTHWAITE H S,29,26
3110,MULLIN H S,82,33
3111,MULLIN OAKS,84,90
3112,PECAN RIDGE H S,85,92
3113,PRIDDY SCHOOL,22,40
3114,COLORADO H S,34,34
3115,WALLACE ACCELER,100,67
3116,WALLACE ACCELER,100,67
3117,WALLACE ACCELER,93,67
3118,WALLACE ACCELER,93,67
3119,LORAINE SCHOOL,50,44
3120,WESTBROOK SCHOO,24,27
3121,NOCONA H S,28,25
3122,GOLD BURG SCHOO,30,19
3123,PRAIRIE VALLEY,33,0
3124,FORESTBURG SCHO,46,16
3125,SAINT JO H S,14,26
3126,CONROE H S,42,41
3127,HAUKE ALTER ED,75,84
3128,THE WOODLANDS H,8,8
3129,OAK RIDGE H S,21,22
3130,CANEY CREEK H S,50,49
3131,COLLEGE PARK H,16,18
3132,MONTGOMERY H S,18,20
3133,WILLIS H S,44,39
3134,MAGNOLIA H S,30,26
3135,MAGNOLIA WEST H,41,35
3136,ALPHA,75,62
3137,SPLENDORA H S,48,50
3138,NEW CANEY H S,55,53
3139,PORTER H S,50,46
3140,INFINITY EARLY,16,7
3141,DUMAS H S,51,56
3142,NORTH PLAINS OP,57,92
3143,SUNRAY H S,39,37
3144,DAINGERFIELD H,36,40
3145,PEWITT H S,29,32
3146,MOTLEY COUNTY S,50,38
3147,CHIRENO H S,33,15
3148,CUSHING SCHOOL,35,29
3149,GARRISON H S,37,35
3150,NACOGDOCHES H S,53,50
3151,MALCOLM RECTOR,74,97
3152,WODEN H S,17,23
3153,CENTRAL HEIGHTS,34,22
3154,MARTINSVILLE SC,34,31
3155,DOUGLASS SCHOOL,18,39
3156,BLOOMING GROVE,29,23
3158,CORSICANA H IGH,48,46
3159,DAWSON H S,38,41
3160,FROST H S,46,33
3161,KERENS SCHOOL,47,48
3162,MILDRED H S,37,28
3163,BURKEVILLE H S,52,59
3164,NEWTON H S,48,52
3165,DEWEYVILLE H S,48,39
3166,ROSCOE COLLEGIA,23,15
3167,SWEETWATER H S,52,35
3168,BLACKWELL SCHOO,15,27
3169,HIGHLAND SCHOOL,11,0
3170,DR M L GARZA-GO,50,43
3171,AGUA DULCE H S,47,53
3172,BISHOP H S,47,36
3173,CALALLEN H S,26,26
3174,CARROLL H S,53,49
3175,CARROLL H S,53,4
3176,CARROLL H S,3,49
3177,CARROLL H S,3,4
3178,KING H S,50,44
3179,ROY MILLER H S,63,59
3180,RAY H S,50,41
3181,COLLEGIATE H S,6,21
3182,COLES H S AND E,81,74
3183,HAROLD T BRANCH,27,29
3185,LONDON H S,9,12
3186,PORT ARANSAS H,10,9
3187,ROBSTOWN H S,64,60
3188,SALAZAR CROSSRO,100,67
3189,TULOSO-MIDWAY H,29,30
3190,TULOSO-MIDWAY A,75,58
3191,BANQUETE H S,33,28
3192,FLOUR BLUFF H S,29,27
3194,WEST OSO H S,63,55
3195,PERRYTON H S,38,29
3196,TOP OF TEXAS AC,100,79
3197,BOYS RANCH H S,57,41
3199,VEGA H S,20,29
3200,ADRIAN SCHOOL,38,50
3201,BRIDGE CITY H S,25,22
3202,ORANGEFIELD H S,31,22
3203,WEST ORANGE-STA,63,59
3204,VIDOR H S,42,40
3205,AIM CENTER H S,80,64
3206,LIT CYPR-MRCEVI,41,37
3207,GORDON SCHOOL,39,31
3208,GRAFORD H S,38,45
3209,MINERAL WELLS H,56,49
3210,MINERAL WELLS A,71,79
3211,SANTO H S,27,36
3212,STRAWN SCHOOL,33,15
3214,TEXAS EARLY COL,42,7
3215,PANOLA EARLY CO,33,15
3216,BECKVILLE JR-SR,28,25
3217,CARTHAGE H S,33,30
3218,GARY SCHOOL,19,32
3219,CROSSTIMBERS AC,73,59
3220,POOLVILLE H S,43,41
3221,SPRINGTOWN H S,41,41
3222,WEATHERFORD H S,35,34
3223,MILLSAP H S,37,38
3224,ALEDO H S,71,12
3226,PEASTER H S,32,27
3227,BROCK H S,13,11
3228,BOVINA H S,42,29
3229,FARWELL H S,19,27
3230,FRIONA H S,42,45
3231,LAZBUDDIE SCHOO,55,46
3232,BUENA VISTA SCH,50,36
3233,FORT STOCKTON H,50,43
3234,IRAAN H S,31,19
3235,BIG SANDY SCHOO,45,35
3236,GOODRICH H S,43,79
3238,CORRIGAN-CAMDEN,46,51
3240,LEGGETT H S,17,63
3241,LIVINGSTON H S,51,50
3242,LIVINGSTON H S,51,68
3243,LIVINGSTON H S,91,50
3244,LIVINGSTON H S,91,68
3245,ONALASKA JR/SR,36,35
3246,AMARILLO H S,24,24
3247,CAPROCK H S,45,46
3248,PALO DURO H S,63,57
3249,TASCOSA H S,42,39
3250,NORTH HEIGHTS A,69,78
3251,RIVER ROAD H S,44,45
3252,BUSHLAND H S,24,14
3253,MARFA SCHOOLS,67,53
3254,PRESIDIO H S,62,52
3255,RAINS H S,31,33
3256,RANDALL H S,30,29
3257,YOUTH CTR OF HI,71,36
3258,MIDWAY ALTERNAT,75,83
3259,REAGAN COUNTY H,68,62
3260,BIG SPRINGS CHA,82,56
3261,HILL COUNTRY YO,56,56
3262,LEAKEY SCHOOL,45,32
3263,AVERY H S,22,13
3264,RIVERCREST H S,22,25
3265,CLARKSVILLE MID,43,40
3266,DETROIT H S,46,34
3267,PECOS H S,56,49
3268,BALMORHEA SCHOO,18,6
3269,AUSTWELL-TIVOLI,10,27
3270,WOODSBORO H S,52,51
3271,REFUGIO H S,49,44
3272,MIAMI SCHOOL,6,25
3273,BREMOND H S,34,35
3274,CALVERT SCHOOL,58,76
3275,HEARNE H S,65,60
3276,MUMFORD H S,7,14
3277,ROCKWALL H S,15,14
3278,ROCKWALL QUEST,80,52
3279,ROCKWALL-HEATH,22,14
3280,ROYSE CITY H S,40,45
3282,BALLINGER H S,48,43
3295,MILES H S,36,25
3296,WINTERS H S,33,45
3297,HENDERSON H S,32,40
3298,LANEVILLE SCHOO,48,50
3299,LEVERETTS CHAPE,29,8
3300,MT ENTERPRISE H,47,48
3301,OVERTON H S,41,42
3302,TATUM H S,22,28
3303,CARLISLE SCHOOL,37,58
3304,WEST RUSK H S,45,42
3305,HEMPHILL H S,46,40
3306,WEST SABINE H S,45,42
3307,SAN AUGUSTINE H,66,52
3308,BROADDUS H S,51,58
3309,COLDSPRING-OAKH,59,53
3310,SHEPHERD H S,55,49
3311,ARANSAS PASS H,49,61
3312,GREGORY-PORTLAN,35,35
3314,INGLESIDE H S,39,39
3315,MATHIS H S,57,36
3316,ODEM H S,50,50
3317,SINTON H S,56,56
3318,SAN SABA H S,40,33
3319,RICHLAND SPRING,31,50
3320,CHEROKEE SCHOOL,50,38
3321,ELDORADO H S,53,37
3322,HERMLEIGH SCHOO,65,54
3323,SNYDER H S,61,58
3324,IRA SCHOOL,17,13
3325,ALBANY JR-SR H,13,36
3326,MORAN SCHOOL,67,62
3327,CENTER H S,51,47
3328,JOAQUIN H S,33,44
3329,SHELBYVILLE SCH,43,33
3330,TENAHA SCHOOLS,46,60
3331,TIMPSON H S,29,42
3332,CUMBERLAND H S,28,23
3333,UT TYLER INNOVA,21,15
3334,UT TYLER INNOVA,21,14
3335,UT TYLER INNOVA,21,5
3336,UT TYLER INNOVA,12,15
3337,UT TYLER INNOVA,12,14
3338,UT TYLER INNOVA,12,5
3339,UT TYLER INNOVA,5,15
3340,UT TYLER INNOVA,5,14
3341,UT TYLER INNOVA,5,5
3342,ARP H S,32,33
3343,BULLARD H S,23,22
3344,LINDALE H S,16,16
3345,TROUP H S,29,20
3346,ROBERT E LEE H,40,38
3347,JOHN TYLER H S,57,55
3348,WHITEHOUSE H S,28,24
3349,CHAPEL HILL H S,37,37
3350,CHAPEL HILL H S,37,37
3351,CHAPEL HILL H S,27,37
3352,CHAPEL HILL H S,27,37
3353,WINONA H S,53,43
3354,BRAZOS RIVER CH,60,50
3355,GLEN ROSE H S,20,15
3356,RIO GRANDE CITY,59,52
3357,RIO GRANDE CITY,59,54
3358,RIO GRANDE CITY,62,52
3359,RIO GRANDE CITY,62,54
3360,PREPARATORY FOR,24,21
3361,SAN ISIDRO H S,27,19
3362,ROMA H S,53,46
3363,BRECKENRIDGE H,55,45
3364,STERLING CITY H,35,37
3365,ASPERMONT H S,36,21
3366,SONORA H S,42,27
3367,HAPPY H S,25,21
3368,TULIA H S,51,49
3369,KRESS H S,59,45
3370,TREETOPS SCHOOL,4,0
3371,FORT WORTH ACAD,7,5
3372,WESTLAKE ACADEM,1,4
3373,NEWMAN INTERNAT,25,21
3374,NEWMAN INTERNAT,25,21
3376,NEWMAN INTERNAT,36,21
3377,NEWMAN INTERNAT,36,21
3379,HIGH POINT ACAD,22,21
3380,ARLINGTON H S,42,37
3381,SAM HOUSTON H S,60,60
3382,MARTIN H S,25,24
3383,MARTIN H S,25,85
3384,MARTIN H S,79,24
3385,MARTIN H S,79,85
3386,VENTURE ALTER H,74,79
3387,ARLINGTON COLLE,4,2
3388,HALTOM H S,46,45
3389,RICHLAND H S,33,34
3390,BIRDVILLE H S,31,27
3391,SHANNON H S,92,85
3392,EVERMAN H S,43,47
3393,EVERMAN ACADEMY,80,54
3394,CARTER-RIVERSID,67,58
3395,ARLINGTON HEIGH,48,40
3396,SOUTH HILLS H S,57,50
3397,DIAMOND HILL-JA,71,69
3398,DUNBAR H S,71,64
3399,EASTERN HILLS H,68,64
3400,NORTH SIDE H S,57,48
3401,POLYTECHNIC H S,72,66
3402,PASCHAL H S,44,27
3403,TRIMBLE TECHNIC,43,32
3404,WESTERN HILLS H,61,53
3405,O D WYATT H S,73,66
3407,SUCCESS H S,81,93
3408,SUCCESS H S,81,81
3409,SUCCESS H S,86,93
3410,SUCCESS H S,86,81
3411,BENBROOK MIDDLE,39,29
3412,TEXAS ACADEMY O,2,2
3413,YOUNG MEN'S LEA,20,19
3415,MARINE CREEK CO,15,12
3416,TARRANT CO COLL,29,13
3417,GRAPEVINE H S,18,16
3418,COLLEYVILLE HER,19,15
3419,THE BRIDGES ACA,44,60
3420,IUNIVERSITY PRE,2,5
3421,GRAPEVINE-COLLE,12,18
3422,KELLER H S,8,8
3423,FOSSIL RIDGE H,27,23
3424,TIMBER CREEK H,20,19
3426,MANSFIELD SUMMI,36,38
3427,MANSFIELD H S,16,19
3428,MANSFIELD TIMBE,32,31
3429,MANSFIELD LEGAC,32,25
3430,THE PHOENIX ACA,56,71
3431,MANSFIELD LAKE,19,24
3432,LAKE WORTH H S,46,48
3433,CROWLEY H S,55,52
3434,NORTH CROWLEY H,48,49
3435,KENNEDALE H S,34,32
3436,AZLE H S,33,27
3437,AZLE HORNET ACA,64,100
3439,BELL H S,83,24
3440,TRINITY H S,87,26
3441,TRINITY H S,87,58
3442,TRINITY H S,58,26
3443,TRINITY H S,58,58
3444,KEYS H S,76,70
3445,CASTLEBERRY H S,41,46
3446,REACH H S,82,96
3447,BOSWELL H S,20,24
3448,ELMER C WATSON,75,76
3449,SAGINAW H S,32,26
3450,CHISHOLM TRAIL,28,20
3452,BREWER H S,41,36
3453,MESA H S,83,90
3454,AMARILLO COLLEG,16,23
3455,ISCHOOL H S,13,12
3457,FOUNDERS CLASSI,5,1
3458,FOUNDERS CLASSI,5,7
3459,FOUNDERS CLASSI,0,1
3460,FOUNDERS CLASSI,0,7
3461,FOUNDERS CLASSI,33,1
3462,FOUNDERS CLASSI,33,7
3463,ISCHOOL HIGH AT,4,1
3464,ISCHOOL HIGH AT,4,0
3465,ISCHOOL HIGH AT,4,1
3466,ISCHOOL HIGH AT,4,0
3467,ABILENE H S,45,39
3468,WOODSON CENTER,91,89
3470,ACADEMY FOR TEC,21,19
3473,MERKEL H S,49,39
3474,TRENT INDEPENDE,46,33
3475,JIM NED H S,28,24
3476,SANDERSON SCHOO,33,33
3477,BROWNFIELD H S,67,56
3478,BROWNFIELD EDUC,100,79
3479,MEADOW SCHOOL,43,62
3480,WELLMAN-UNION S,29,33
3481,THROCKMORTON SC,12,36
3482,WOODSON SCHOOL,56,41
3483,MOUNT PLEASANT,47,39
3485,TLC ACADEMY,36,34
3486,CHRISTOVAL H S,13,16
3487,LAKE VIEW H S,58,59
3488,WATER VALLEY H,33,12
3489,WALL H S,10,13
3490,GRAPE CREEK H S,54,31
3491,VERIBEST H S,32,27
3493,LONE STAR H S E,90,87
3494,LONE STAR H S S,97,79
3495,LONE STAR H S S,97,84
3496,LONE STAR H S S,83,79
3497,LONE STAR H S S,83,84
3498,LONE STAR H S N,81,85
3499,LONE STAR H S C,89,60
3500,LONE STAR H S W,65,60
3501,SCI-TECH PREPAR,57,33
3502,NYOS CHARTER SC,20,19
3504,SETTLEMENT HOME,75,85
3508,PATHWAYS 3H CAM,100,86
3509,TNC CAMPUS (TEX,86,40
3510,METHODIST CHILD,79,78
3511,LAUREL RIDGE,40,100
3517,UNLIMITED VISIO,89,85
3520,CEDAR CREST,56,40
3523,CHAPARRAL STAR,7,0
3524,CEDARS ACADEMY,21,25
3525,KIPP AUSTIN COL,28,30
3526,THE EAST AUSTIN,52,53
3527,AUSTIN ACHIEVE,57,35
3528,THE EXCEL CENTE,71,60
3529,MCCALLUM H S,20,21
3530,TRAVIS H S,60,51
3531,ANDERSON H S,21,17
3532,LBJ HIGH SCHOOL,57,61
3533,GARZA INDEPENDE,60,47
3534,AKINS H S,52,47
3535,LASA H S,0,0
3536,EASTSIDE MEMORI,65,69
3537,GRADUATION PREP,87,96
3538,GRADUATION PREP,87,64
3539,GRADUATION PREP,73,96
3540,GRADUATION PREP,73,64
3542,RICHARDS SCH FO,2,0
3543,INTERNATIONAL H,99,95
3544,TRAVIS COUNTY J,94,75
3545,PHOENIX ACADEMY,77,75
3547,PFLUGERVILLE H,33,31
3548,JOHN B CONNALLY,49,48
3549,HENDRICKSON H S,27,26
3550,TEXAS SCHOOL FO,77,40
3551,TEXAS SCHOOL FO,77,94
3552,TEXAS SCHOOL FO,85,40
3553,TEXAS SCHOOL FO,85,94
3554,MANOR H S,59,57
3555,MANOR EXCEL ACA,88,90
3556,MANOR NEW TECHN,26,27
3557,WESTLAKE H S,4,4
3558,DEL VALLE OPPOR,88,83
3559,LAGO VISTA H S,26,26
3560,LAKE TRAVIS H S,10,12
3561,GROVETON J H-H,35,22
3562,CENTERVILLE H S,17,27
3563,APPLE SPRINGS H,39,60
3564,COLMESNEIL JH/H,26,31
3565,WOODVILLE H S,35,21
3566,SPURGER H S,40,46
3567,CHESTER H S,23,38
3568,BIG SANDY H S,33,29
3569,GILMER H S,40,36
3570,ORE CITY H S,21,18
3571,UNION HILL H S,25,28
3572,HARMONY H S,28,26
3573,NEW DIANA H S,28,38
3574,UNION GROVE H S,35,4
3575,MCCAMEY H S,62,67
3576,RANKIN H S,25,11
3577,KNIPPA SCHOOL,8,22
3578,SABINAL H S,57,40
3579,UVALDE H S,58,55
3580,UTOPIA SCHOOL,26,41
3581,DEL RIO H S,54,39
3582,BLENDED ACADEMY,82,100
3583,COMSTOCK SCHOOL,0,9
3584,RANCH ACADEMY,68,45
3585,CANTON H S,26,16
3586,EDGEWOOD H S,46,38
3587,GRAND SALINE H,41,40
3588,MARTINS MILL H,10,11
3589,VAN H S,39,31
3590,WILLS POINT H S,45,55
3591,FRUITVALE H S,43,37
3592,BLOOMINGTON H S,56,46
3593,LIBERTY ACADEMY,57,53
3594,VICTORIA REGION,65,82
3595,VICTORIA EAST H,51,44
3596,VICTORIA WEST H,52,45
3597,THOMAS BUZBEE V,79,69
3598,NEW WAVERLY H S,28,21
3599,HUNTSVILLE H S,59,53
3600,TEXAS ONLINE PR,7,10
3601,TEXAS ONLINE PR,0,10
3602,HEMPSTEAD H S,64,47
3603,WALLER H S,41,42
3604,ROYAL H S,67,59
3605,MONAHANS H S,60,55
3607,GRANDFALLS-ROYA,33,40
3608,BRENHAM H S,47,38
3609,PRIDE ACADEMY,100,100
3610,BURTON H S,34,39
3611,GATEWAY ACADEMY,88,83
3612,GATEWAY ACADEMY,88,90
3613,GATEWAY ACADEMY,85,83
3614,GATEWAY ACADEMY,85,90
3615,NIXON H S,63,66
3616,DR LEO CIGARROA,81,84
3617,HECTOR J GARCIA,6,11
3618,UNITED H S,34,44
3619,UNITED SOUTH H,54,52
3620,JOHN B ALEXANDE,37,38
3621,BRUNI H S,45,46
3622,BOLING H S,23,30
3623,EAST BERNARD H,16,10
3624,EL CAMPO H S,49,42
3625,WHARTON H S,44,41
3626,LOUISE H S,42,26
3627,SHAMROCK H S,54,57
3628,WHEELER SCHOOL,39,26
3629,KELTON SCHOOL,0,20
3630,FORT ELLIOTT SC,53,54
3631,BURKBURNETT H S,39,45
3632,ELECTRA JUNIOR/,10,24
3633,IOWA PARK H S,39,38
3634,HIRSCHI H S,62,59
3635,RIDER H S,35,30
3636,WICHITA FALLS H,47,47
3638,CITY VIEW JUNIO,28,31
3639,HARROLD SCHOOL,40,25
3640,VERNON H S,50,48
3641,NORTH TEXAS STA,81,72
3642,NORTHSIDE SCHOO,45,55
3643,LASARA H S,28,37
3644,LYFORD H S,55,53
3645,RAYMONDVILLE H,57,47
3646,RAYMONDVILLE OP,59,72
3647,SAN PERLITA H S,56,57
3648,MERIDIAN WORLD,4,5
3649,FLORENCE H S,53,45
3650,GEORGETOWN H S,32,30
3651,CHIP RICHARTE H,60,60
3653,EAST VIEW H S,44,38
3654,GRANGER SCHOOL,35,39
3655,HUTTO H S,31,35
3656,JARRELL H S,34,31
3657,LIBERTY HILL H,18,18
3658,ROUND ROCK H S,15,11
3659,MCNEIL H S,22,22
3660,STONY POINT H S,36,31
3661,CEDAR RIDGE H S,26,27
3663,THRALL H S,30,26
3664,LEANDER H S,26,27
3665,CEDAR PARK H S,10,11
3666,VISTA RIDGE H S,16,16
3667,ROUSE H S,23,22
3668,VANDEGRIFT H S,7,9
3669,GLENN H S,40,27
3670,FLORESVILLE H S,38,36
3671,LA VERNIA H S,30,33
3672,POTH H S,13,9
3673,STOCKDALE H S,17,12
3674,KERMIT H S,67,57
3675,WINK H S,38,36
3676,ALVORD H S,25,27
3677,BOYD H S,29,27
3678,BRIDGEPORT H S,39,37
3679,CHICO H S,42,36
3680,DECATUR H S,31,31
3681,PARADISE H S,19,16
3682,SLIDELL SCHOOLS,16,22
3683,HAWKINS H S,40,38
3684,MINEOLA H S,40,35
3685,QUITMAN H S,35,29
3686,YANTIS SCHOOL,53,39
3687,ALBA-GOLDEN H S,26,29
3688,WINNSBORO H S,21,15
3689,DENVER CITY H S,43,40
3690,PLAINS H S,0,14
3691,GRAHAM H S,36,40
3693,NEWCASTLE SCHOO,11,25
3694,OLNEY H S,50,23
3695,ZAPATA H S,84,80
3696,CRYSTAL CITY H,47,54
3697,LA PRYOR H S,49,30